"Candidate";"Party";"Criminal Cases";"Education";"Age";"Total Assets";"Liabilities";"Winner";"Constituency";"State";"District";"Year";"House";"Comment"
"Lalthansanga";"Zoram People’s Movement";"0";"12th Pass";"60";"27108009";"0";"Yes";"AIZAWL EAST-I";"MIZORAM";"AIZAWL";"2023";"Mizoram";"No Comment"
"Lalruatfeli Hlawndo";"IND";"0";"Post Graduate";"31";"185000";"9000";"No";"AIZAWL EAST-I";"MIZORAM";"AIZAWL";"2023";"Mizoram";"No Comment"
"Lalsanglura Ralt";"INC";"0";"Graduate Professional";"53";"68865163";"341616";"No";"AIZAWL EAST-I";"MIZORAM";"AIZAWL";"2023";"Mizoram";"No Comment"
"Zoramthanga";"MNF";"0";"Graduate";"79";"50295607";"0";"No";"AIZAWL EAST-I";"MIZORAM";"AIZAWL";"2023";"Mizoram";"No Comment"
"B. Lalchhanzova";"Zoram People’s Movement";"0";"Post Graduate";"47";"25358766";"1442878";"Yes";"AIZAWL EAST-II (ST)";"MIZORAM";"AIZAWL";"2023";"Mizoram";"No Comment"
"B. Lalawmpu";"MNF";"0";"Graduate";"47";"82405325";"0";"No";"AIZAWL EAST-II (ST)";"MIZORAM";"AIZAWL";"2023";"Mizoram";"No Comment"
"Lalhmachhua";"IND";"0";"Post Graduate";"47";"10000";"0";"No";"AIZAWL EAST-II (ST)";"MIZORAM";"AIZAWL";"2023";"Mizoram";"No Comment"
"P.C Lalhmingthanga";"INC";"0";"Post Graduate";"49";"15541739";"796837";"No";"AIZAWL EAST-II (ST)";"MIZORAM";"AIZAWL";"2023";"Mizoram";"No Comment"
"Rothuama";"IND";"0";"12th Pass";"48";"358094";"0";"No";"AIZAWL EAST-II (ST)";"MIZORAM";"AIZAWL";"2023";"Mizoram";"No Comment"
"Vanlalhlana";"Zoram People’s Movement";"0";"Post Graduate";"62";"36353500";"2200387";"Yes";"AIZAWL NORTH-I (ST)";"MIZORAM";"AIZAWL";"2023";"Mizoram";"No Comment"
"Lalnunmawia Chuaungo";"INC";"0";"Graduate";"61";"93774958";"0";"No";"AIZAWL NORTH-I (ST)";"MIZORAM";"AIZAWL";"2023";"Mizoram";"No Comment"
"Lalruatfeli Hlawndo";"IND";"0";"Post Graduate";"31";"185000";"9000";"No";"AIZAWL NORTH-I (ST)";"MIZORAM";"AIZAWL";"2023";"Mizoram";"No Comment"
"R.Lalzirliana";"MNF";"0";"10th Pass";"74";"80560893";"130980";"No";"AIZAWL NORTH-I (ST)";"MIZORAM";"AIZAWL";"2023";"Mizoram";"No Comment"
"Dr. Vanlalthlana";"Zoram People’s Movement";"0";"Doctorate";"44";"25246519";"7935904";"Yes";"AIZAWL NORTH-II (ST)";"MIZORAM";"AIZAWL";"2023";"Mizoram";"No Comment"
"Lalrinpu";"IND";"0";"Graduate";"62";"589202";"0";"No";"AIZAWL NORTH-II (ST)";"MIZORAM";"AIZAWL";"2023";"Mizoram";"No Comment"
"R. Lalrinmawia";"INC";"0";"12th Pass";"48";"31678517";"13854487";"No";"AIZAWL NORTH-II (ST)";"MIZORAM";"AIZAWL";"2023";"Mizoram";"No Comment"
"Vanlalsawma";"MNF";"0";"Post Graduate";"45";"28794590";"1058853";"No";"AIZAWL NORTH-II (ST)";"MIZORAM";"AIZAWL";"2023";"Mizoram";"No Comment"
"K. Sapdanga";"Zoram People’s Movement";" 1";"Graduate";"65";"211381716";"17988406";"Yes";"AIZAWL NORTH-III (ST)";"MIZORAM";"AIZAWL";"2023";"Mizoram";"No Comment"
"Andrew Lalremkima Pachuau";"AAP";"0";"Post Graduate";"42";"74347430";"30935717";"No";"AIZAWL NORTH-III (ST)";"MIZORAM";"AIZAWL";"2023";"Mizoram";"No Comment"
"C. Lalmuanpuia";"MNF";"0";"Graduate";"50";"7891111";"2079103";"No";"AIZAWL NORTH-III (ST)";"MIZORAM";"AIZAWL";"2023";"Mizoram";"No Comment"
"Chawnghmingthanga";"BJP";"0";"Graduate";"49";"705791";"0";"No";"AIZAWL NORTH-III (ST)";"MIZORAM";"AIZAWL";"2023";"Mizoram";"No Comment"
"Lal Thanzara";"INC";"0";"Post Graduate";"74";"79461555";"0";"No";"AIZAWL NORTH-III (ST)";"MIZORAM";"AIZAWL";"2023";"Mizoram";"No Comment"
"Vanlalvena";"IND";"0";"8th Pass";"35";"83488";"0";"No";"AIZAWL NORTH-III (ST)";"MIZORAM";"AIZAWL";"2023";"Mizoram";"No Comment"
"C. Lalsawivunga";"Zoram People’s Movement";"0";"Graduate";"61";"12946680";"1998090";"Yes";"AIZAWL SOUTH-I (ST)";"MIZORAM";"AIZAWL";"2023";"Mizoram";"No Comment"
"F.Lalremsang";"BJP";"0";"Post Graduate";"45";"23388336";"1422108";"No";"AIZAWL SOUTH-I (ST)";"MIZORAM";"AIZAWL";"2023";"Mizoram";"No Comment"
"K. Vanlalvena";"MNF";"0";"Graduate";"53";"19271473";"0";"No";"AIZAWL SOUTH-I (ST)";"MIZORAM";"AIZAWL";"2023";"Mizoram";"No Comment"
"Lalngaihawma Pachuau";"AAP";"0";"Graduate Professional";"40";"826700";"0";"No";"AIZAWL SOUTH-I (ST)";"MIZORAM";"AIZAWL";"2023";"Mizoram";"No Comment"
"Vanlalawmpuii Chawngthu";"INC";"0";"Post Graduate";"44";"3724057";"356251";"No";"AIZAWL SOUTH-I (ST)";"MIZORAM";"AIZAWL";"2023";"Mizoram";"No Comment"
"Zosangliana";"IND";"0";"5th Pass";"65";"3991579";"0";"No";"AIZAWL SOUTH-I (ST)";"MIZORAM";"AIZAWL";"2023";"Mizoram";"No Comment"
"Lalchhuanthanga";"Zoram People’s Movement";"0";"Graduate";"66";"168461372";"3673334";"Yes";"AIZAWL SOUTH-II (ST)";"MIZORAM";"AIZAWL";"2023";"Mizoram";"No Comment"
"Denghmingthanga";"MNF";"0";"Graduate";"55";"34822957";"3666816";"No";"AIZAWL SOUTH-II (ST)";"MIZORAM";"AIZAWL";"2023";"Mizoram";"No Comment"
"Dr. Lalmalsawma Nghaka";"INC";"0";"Graduate Professional";"41";"161083519";"7000000";"No";"AIZAWL SOUTH-II (ST)";"MIZORAM";"AIZAWL";"2023";"Mizoram";"No Comment"
"H. Biaklawma";"IND";"0";"Graduate";"63";"5766798";"500000";"No";"AIZAWL SOUTH-II (ST)";"MIZORAM";"AIZAWL";"2023";"Mizoram";"No Comment"
"Baryl Vanneihsangi";"Zoram People’s Movement";"0";"Post Graduate";"32";"18876050";"3500000";"Yes";"AIZAWL SOUTH-III (ST)";"MIZORAM";"AIZAWL";"2023";"Mizoram";"No Comment"
"F. Lalnunmawia";"MNF";"0";"Doctorate";"50";"20313239";"5410214";"No";"AIZAWL SOUTH-III (ST)";"MIZORAM";"AIZAWL";"2023";"Mizoram";"No Comment"
"Rev. Dr. Zaichhawna Hlawndo";"IND";"0";"Graduate Professional";"60";"30597453";"0";"No";"AIZAWL SOUTH-III (ST)";"MIZORAM";"AIZAWL";"2023";"Mizoram";"No Comment"
"Rosiamngheta";"INC";"0";"Graduate";"59";"34980976";"400000";"No";"AIZAWL SOUTH-III (ST)";"MIZORAM";"AIZAWL";"2023";"Mizoram";"No Comment"
"Tbc Lalvenchhunga";"Zoram People’s Movement";"0";"12th Pass";"41";"8093905";"113317";"Yes";"AIZAWL WEST-I (ST)";"MIZORAM";"AIZAWL";"2023";"Mizoram";"No Comment"
"R. Lalbiakthanga";"INC";"0";"12th Pass";"61";"9652675";"3490683";"No";"AIZAWL WEST-I (ST)";"MIZORAM";"AIZAWL";"2023";"Mizoram";"No Comment"
"Vanlalmawia Vanchhawng";"AAP";"0";"Graduate Professional";"38";"124676";"0";"No";"AIZAWL WEST-I (ST)";"MIZORAM";"AIZAWL";"2023";"Mizoram";"No Comment"
"Vanlalvena";"IND";"0";"8th Pass";"35";"83488";"0";"No";"AIZAWL WEST-I (ST)";"MIZORAM";"AIZAWL";"2023";"Mizoram";"No Comment"
"Zothantluanga";"MNF";"0";"Post Graduate";"69";"20519697";"2200387";"No";"AIZAWL WEST-I (ST)";"MIZORAM";"AIZAWL";"2023";"Mizoram";"No Comment"
"Lalnghinglova Hmar";"Zoram People’s Movement";" 1";"Post Graduate";"46";"37036633";"14932016";"Yes";"AIZAWL WEST-II (ST)";"MIZORAM";"AIZAWL";"2023";"Mizoram";"No Comment"
"Dr. Ngurdingliana";"INC";"0";"Post Graduate";"57";"43396952";"11700000";"No";"AIZAWL WEST-II (ST)";"MIZORAM";"AIZAWL";"2023";"Mizoram";"No Comment"
"K. Laldingliana";"IND";"0";"10th Pass";"56";"20628442";"0";"No";"AIZAWL WEST-II (ST)";"MIZORAM";"AIZAWL";"2023";"Mizoram";"No Comment"
"Lalruatkima";"MNF";"0";"Graduate";"51";"45868436";"2279037";"No";"AIZAWL WEST-II (ST)";"MIZORAM";"AIZAWL";"2023";"Mizoram";"No Comment"
"V. L. Zaithanzama";"Zoram People’s Movement";"0";"10th Pass";"65";"20767394";"2617028";"Yes";"AIZAWL WEST-III (ST)";"MIZORAM";"AIZAWL";"2023";"Mizoram";"No Comment"
"Joseph Biakthianghlima";"AAP";"0";"Post Graduate";"35";"2726726";"100000";"No";"AIZAWL WEST-III (ST)";"MIZORAM";"AIZAWL";"2023";"Mizoram";"No Comment"
"K. Lalsawmvela";"MNF";"0";"Post Graduate";"63";"52391950";"602500";"No";"AIZAWL WEST-III (ST)";"MIZORAM";"AIZAWL";"2023";"Mizoram";"No Comment"
"Lalhrilzeli Hlawndo";"IND";"0";"Graduate";"33";"77968";"0";"No";"AIZAWL WEST-III (ST)";"MIZORAM";"AIZAWL";"2023";"Mizoram";"No Comment"
"Lalsawta";"INC";"0";"Post Graduate";"77";"61808578";"0";"No";"AIZAWL WEST-III (ST)";"MIZORAM";"AIZAWL";"2023";"Mizoram";"No Comment"
"Lalchhandama Ralte";"MNF";"0";"Post Graduate";"51";"43899027";"6000000";"Yes";"TUIVAWL (ST)";"MIZORAM";"AIZAWL";"2023";"Mizoram";"No Comment"
"Jms Dawngliana";"Zoram People’s Movement";"0";"Post Graduate";"47";"6493417";"1659368";"No";"TUIVAWL (ST)";"MIZORAM";"AIZAWL";"2023";"Mizoram";"No Comment"
"K Changliana";"BJP";"0";"10th Pass";"67";"516240";"0";"No";"TUIVAWL (ST)";"MIZORAM";"AIZAWL";"2023";"Mizoram";"No Comment"
"R. L. Pianmawia";"INC";"0";"12th Pass";"64";"5902237";"1268512";"No";"TUIVAWL (ST)";"MIZORAM";"AIZAWL";"2023";"Mizoram";"No Comment"
"H. Ginzalala";"Zoram People’s Movement";"0";"Post Graduate";"50";"360952042";"2286577";"Yes";"CHAMPHAI NORTH (ST)";"MIZORAM";"CHAMPHAI";"2023";"Mizoram";"No Comment"
"Dr. Zr Thiamsanga";"MNF";"0";"Post Graduate";"64";"50230861";"2169709";"No";"CHAMPHAI NORTH (ST)";"MIZORAM";"CHAMPHAI";"2023";"Mizoram";"No Comment"
"K. Lalnunmawia";"INC";"0";"Graduate";"62";"46754000";"3750000";"No";"CHAMPHAI NORTH (ST)";"MIZORAM";"CHAMPHAI";"2023";"Mizoram";"No Comment"
"P.S Zatluanga";"BJP";" 2";"Graduate";"41";"15232278";"4695017";"No";"CHAMPHAI NORTH (ST)";"MIZORAM";"CHAMPHAI";"2023";"Mizoram";"No Comment"
"Lt Col. Clement Lalhmingthanga";"Zoram People’s Movement";"0";"Graduate";"58";"106815076";"9919959";"Yes";"CHAMPHAI SOUTH (ST)";"MIZORAM";"CHAMPHAI";"2023";"Mizoram";"No Comment"
"Dr. Lallianchhunga";"INC";"0";"Doctorate";"47";"15914278";"10006904";"No";"CHAMPHAI SOUTH (ST)";"MIZORAM";"CHAMPHAI";"2023";"Mizoram";"No Comment"
"T.J Lalnuntluanga";"MNF";"0";"Graduate Professional";"44";"7642291";"2430435";"No";"CHAMPHAI SOUTH (ST)";"MIZORAM";"CHAMPHAI";"2023";"Mizoram";"No Comment"
"Ramthanmawia";"MNF";"0";"Graduate Professional";"66";"131576260";"2389147";"Yes";"EAST TUIPUI (ST)";"MIZORAM";"CHAMPHAI";"2023";"Mizoram";"No Comment"
"C.Lalnunthanga";"INC";"0";"Post Graduate";"44";"34487918";"1138039";"No";"EAST TUIPUI (ST)";"MIZORAM";"CHAMPHAI";"2023";"Mizoram";"No Comment"
"Dr.C.Lalrammawia";"Zoram People’s Movement";"0";"Doctorate";"43";"10025651";"477600";"No";"EAST TUIPUI (ST)";"MIZORAM";"CHAMPHAI";"2023";"Mizoram";"No Comment"
"Jeje Lalpekhlua";"Zoram People’s Movement";"0";"12th Pass";"32";"87752646";"3281400";"Yes";"SOUTH TUIPUI (ST)";"MIZORAM";"HNAHTHIAL";"2023";"Mizoram";"No Comment"
"C. Laldintluanga";"INC";"0";"Others";"62";"16934500";"0";"No";"SOUTH TUIPUI (ST)";"MIZORAM";"HNAHTHIAL";"2023";"Mizoram";"No Comment"
"Dr. R. Lalthangliana";"MNF";"0";"Doctorate";"67";"139073776";"0";"No";"SOUTH TUIPUI (ST)";"MIZORAM";"HNAHTHIAL";"2023";"Mizoram";"No Comment"
" Chhuanawma";"Zoram People’s Movement";"0";"12th Pass";"63";"356410732";"371343";"Yes";"TUICHANG (ST)";"MIZORAM";"KHAWZAWL";"2023";"Mizoram";"No Comment"
"C. Lalhriatpuia";"INC";"0";"Graduate";"40";"3185460";"0";"No";"TUICHANG (ST)";"MIZORAM";"KHAWZAWL";"2023";"Mizoram";"No Comment"
"Lalhmunsiam";"IND";"0";"10th Pass";"46";"435087";"0";"No";"TUICHANG (ST)";"MIZORAM";"KHAWZAWL";"2023";"Mizoram";"No Comment"
"Tawnluia";"MNF";"0";"12th Pass";"80";"17623181";"2420607";"No";"TUICHANG (ST)";"MIZORAM";"KHAWZAWL";"2023";"Mizoram";"No Comment"
"Lalfamkima";"Zoram People’s Movement";"0";"Graduate";"57";"83306871";"505204";"Yes";"KOLASIB (ST)";"MIZORAM";"KOLASIB";"2023";"Mizoram";"No Comment"
"K.Lalrinliana";"MNF";"0";"12th Pass";"63";"66685966";"2108307";"No";"KOLASIB (ST)";"MIZORAM";"KOLASIB";"2023";"Mizoram";"No Comment"
"R.Lalthangliana";"BJP";"0";"12th Pass";"57";"737964";"0";"No";"KOLASIB (ST)";"MIZORAM";"KOLASIB";"2023";"Mizoram";"No Comment"
"S.Lalrinawma";"INC";"0";"Graduate";"41";"4507090";"1122000";"No";"KOLASIB (ST)";"MIZORAM";"KOLASIB";"2023";"Mizoram";"No Comment"
"Lalrinsanga Ralte";"MNF";"0";"Graduate";"45";"8570300";"2099257";"Yes";"SERLUI (ST)";"MIZORAM";"KOLASIB";"2023";"Mizoram";"No Comment"
"C Lalthanfela";"Zoram People’s Movement";"0";"12th Pass";"61";"14500017";"0";"No";"SERLUI (ST)";"MIZORAM";"KOLASIB";"2023";"Mizoram";"No Comment"
"Lalhmachhuana";"INC";"0";"Graduate";"39";"12578665";"151551";"No";"SERLUI (ST)";"MIZORAM";"KOLASIB";"2023";"Mizoram";"No Comment"
"Robinson Malsawmtluanga Hma";"BJP";"0";"Graduate";"37";"5604642";"0";"No";"SERLUI (ST)";"MIZORAM";"KOLASIB";"2023";"Mizoram";"No Comment"
"Vl Nghaka";"IND";"0";"12th Pass";"37";"6742";"0";"No";"SERLUI (ST)";"MIZORAM";"KOLASIB";"2023";"Mizoram";"No Comment"
"K. Laldawngliana";"MNF";"0";"Post Graduate";"51";"71594470";"2785537";"Yes";"TUIRIAL (ST)";"MIZORAM";"KOLASIB";"2023";"Mizoram";"No Comment"
"F. Vanhmingthanga";"BJP";"0";"Graduate";"31";"115000";"0";"No";"TUIRIAL (ST)";"MIZORAM";"KOLASIB";"2023";"Mizoram";"No Comment"
"Henry Zodinliana Pachuau";"INC";"0";"Doctorate";"45";"104381172";"12047784";"No";"TUIRIAL (ST)";"MIZORAM";"KOLASIB";"2023";"Mizoram";"No Comment"
"Laltlanmawia";"Zoram People’s Movement";"0";"Graduate";"48";"110748040";"2236000";"No";"TUIRIAL (ST)";"MIZORAM";"KOLASIB";"2023";"Mizoram";"No Comment"
"Dr. Lorrain Lalpekliana Chinzah";"Zoram People’s Movement";"0";"Graduate Professional";"42";"4281824";"0";"Yes";"LAWNGTLAI EAST (ST)";"MIZORAM";"LAWNGTLAI";"2023";"Mizoram";"No Comment"
"H. Biakzaua";"MNF";"0";"Graduate Professional";"56";"45208741";"2123013";"No";"LAWNGTLAI EAST (ST)";"MIZORAM";"LAWNGTLAI";"2023";"Mizoram";"No Comment"
"H. Zothangliana";"INC";"0";"Post Graduate";"54";"41736351";"3240870";"No";"LAWNGTLAI EAST (ST)";"MIZORAM";"LAWNGTLAI";"2023";"Mizoram";"No Comment"
"Nc Muankima";"BJP";" 1";"Post Graduate";"63";"42816371";"1007866";"No";"LAWNGTLAI EAST (ST)";"MIZORAM";"LAWNGTLAI";"2023";"Mizoram";"No Comment"
"C. Ngunlianchunga";"INC";"0";"8th Pass";"63";"95493791";"2200387";"Yes";"LAWNGTLAI WEST (ST)";"MIZORAM";"LAWNGTLAI";"2023";"Mizoram";"No Comment"
"C. Biakchhunga";"IND";"0";"Graduate";"65";"16428646";"922116";"No";"LAWNGTLAI WEST (ST)";"MIZORAM";"LAWNGTLAI";"2023";"Mizoram";"No Comment"
"J.B. Rualchhinga";"BJP";"0";"Graduate";"71";"903289532";"1264500";"No";"LAWNGTLAI WEST (ST)";"MIZORAM";"LAWNGTLAI";"2023";"Mizoram";"No Comment"
"Lalnunsema";"Zoram People’s Movement";"0";"Post Graduate";"51";"12392591";"0";"No";"LAWNGTLAI WEST (ST)";"MIZORAM";"LAWNGTLAI";"2023";"Mizoram";"No Comment"
"V. Zirsanga";"MNF";" 2";"Post Graduate";"61";"58648841";"0";"No";"LAWNGTLAI WEST (ST)";"MIZORAM";"LAWNGTLAI";"2023";"Mizoram";"No Comment"
"Rasik Mohan Chakma";"MNF";"0";"Graduate";"60";"20306364";"155821";"Yes";"TUICHAWNG (ST)";"MIZORAM";"LAWNGTLAI";"2023";"Mizoram";"No Comment"
"Durjya Dhan Chakma";"BJP";"0";"Graduate";"38";"6527131";"836151";"No";"TUICHAWNG (ST)";"MIZORAM";"LAWNGTLAI";"2023";"Mizoram";"No Comment"
"Hara Prasad Chakma";"INC";"0";"Graduate";"59";"194445871";"3140000";"No";"TUICHAWNG (ST)";"MIZORAM";"LAWNGTLAI";"2023";"Mizoram";"No Comment"
"Shanti Jiban Chakma";"Zoram People’s Movement";" 1";"Graduate";"51";"6514799";"0";"No";"TUICHAWNG (ST)";"MIZORAM";"LAWNGTLAI";"2023";"Mizoram";"No Comment"
"Lalrinpuii";"Zoram People’s Movement";"0";"Graduate";"61";"31247121";"2300441";"Yes";"LUNGLEI EAST (ST)";"MIZORAM";"LUNGLEI";"2023";"Mizoram";"No Comment"
"Joseph Lalhimpuia";"INC";"0";"Post Graduate";"49";"25405398";"2627248";"No";"LUNGLEI EAST (ST)";"MIZORAM";"LUNGLEI";"2023";"Mizoram";"No Comment"
"Lalzuimawia";"IND";"0";"5th Pass";"64";"643136";"0";"No";"LUNGLEI EAST (ST)";"MIZORAM";"LUNGLEI";"2023";"Mizoram";"No Comment"
"Lawmawma Tochhawng";"MNF";"0";"Graduate";"67";"61766215";"2153197";"No";"LUNGLEI EAST (ST)";"MIZORAM";"LUNGLEI";"2023";"Mizoram";"No Comment"
"V. Malsawmtluanga";"Zoram People’s Movement";" 1";"Post Graduate";"34";"25881059";"574580";"Yes";"LUNGLEI NORTH (ST)";"MIZORAM";"LUNGLEI";"2023";"Mizoram";"No Comment"
"Dr. Vanlaltanpuia";"MNF";"0";"Doctorate";"48";"14471794";"2638731";"No";"LUNGLEI NORTH (ST)";"MIZORAM";"LUNGLEI";"2023";"Mizoram";"No Comment"
"Eric R Zomuanpuia";"INC";"0";"Post Graduate";"45";"25224383";"2371397";"No";"LUNGLEI NORTH (ST)";"MIZORAM";"LUNGLEI";"2023";"Mizoram";"No Comment"
"K. Lalrimawia";"IND";"0";"10th Pass";"74";"579695";"0";"No";"LUNGLEI NORTH (ST)";"MIZORAM";"LUNGLEI";"2023";"Mizoram";"No Comment"
"Lalramliana Papuia";"Zoram People’s Movement";"0";"Post Graduate";"49";"9983553";"404349";"Yes";"LUNGLEI SOUTH (ST)";"MIZORAM";"LUNGLEI";"2023";"Mizoram";"No Comment"
"Dr K. Pachhunga";"MNF";"0";"Doctorate";"55";"18385970";"2216117";"No";"LUNGLEI SOUTH (ST)";"MIZORAM";"LUNGLEI";"2023";"Mizoram";"No Comment"
"Meriam L Hrangchal";"INC";"0";"Graduate";"49";"186340602";"9294205";"No";"LUNGLEI SOUTH (ST)";"MIZORAM";"LUNGLEI";"2023";"Mizoram";"No Comment"
"T. Biaksailova";"BJP";"0";"8th Pass";"50";"3062805";"0";"No";"LUNGLEI SOUTH (ST)";"MIZORAM";"LUNGLEI";"2023";"Mizoram";"No Comment"
"Zd Dengngura";"IND";"0";"Graduate";"59";"406850";"0";"No";"LUNGLEI SOUTH (ST)";"MIZORAM";"LUNGLEI";"2023";"Mizoram";"No Comment"
"T. Lalhlimpuia";"Zoram People’s Movement";"0";"Post Graduate";"46";"8903696";"0";"Yes";"LUNGLEI WEST (ST)";"MIZORAM";"LUNGLEI";"2023";"Mizoram";"No Comment"
"C. Lalrinsanga";"MNF";"0";"Graduate";"62";"31022279";"2153197";"No";"LUNGLEI WEST (ST)";"MIZORAM";"LUNGLEI";"2023";"Mizoram";"No Comment"
"Lalnuntluanga Sailo";"IND";"0";"10th Pass";"60";"26567832";"0";"No";"LUNGLEI WEST (ST)";"MIZORAM";"LUNGLEI";"2023";"Mizoram";"No Comment"
"Pc Lalthanliana";"INC";"0";"Graduate";"60";"20026743";"0";"No";"LUNGLEI WEST (ST)";"MIZORAM";"LUNGLEI";"2023";"Mizoram";"No Comment"
"Pc.Mosia";"IND";"0";"8th Pass";"50";"2137587";"0";"No";"LUNGLEI WEST (ST)";"MIZORAM";"LUNGLEI";"2023";"Mizoram";"No Comment"
"R. Lalbiaktluang";"BJP";"0";"12th Pass";"65";"29000828";"0";"No";"LUNGLEI WEST (ST)";"MIZORAM";"LUNGLEI";"2023";"Mizoram";"No Comment"
"R. Rohmingliana";"MNF";"0";"Post Graduate";"51";"111313407";"2799329";"Yes";"THORANG (ST)";"MIZORAM";"LUNGLEI";"2023";"Mizoram";"No Comment"
"C. Lalnunnema";"Zoram People’s Movement";"0";"Graduate";"58";"18530000";"808666";"No";"THORANG (ST)";"MIZORAM";"LUNGLEI";"2023";"Mizoram";"No Comment"
"Shanti Bikash Chakma";"BJP";"0";"Graduate Professional";"36";"412227";"0";"No";"THORANG (ST)";"MIZORAM";"LUNGLEI";"2023";"Mizoram";"No Comment"
"Zodintluanga Ralt";"INC";"0";"12th Pass";"61";"32310403";"2829587";"No";"THORANG (ST)";"MIZORAM";"LUNGLEI";"2023";"Mizoram";"No Comment"
"Prova Chakma";"MNF";"0";"Post Graduate";"48";"16102278";"1100000";"Yes";"WEST TUIPUI (ST)";"MIZORAM";"LUNGLEI";"2023";"Mizoram";"No Comment"
"Kawlhnuna";"Zoram People’s Movement";"0";"Post Graduate";"62";"16949015";"4000000";"No";"WEST TUIPUI (ST)";"MIZORAM";"LUNGLEI";"2023";"Mizoram";"No Comment"
"Nihar Kanti Chakma";"INC";"0";"Graduate Professional";"54";"13253389";"2705529";"No";"WEST TUIPUI (ST)";"MIZORAM";"LUNGLEI";"2023";"Mizoram";"No Comment"
"T. Lalengthanga";"BJP";"0";"12th Pass";"69";"1690000";"0";"No";"WEST TUIPUI (ST)";"MIZORAM";"LUNGLEI";"2023";"Mizoram";"No Comment"
"Lalrintluanga Sailo";"MNF";"0";"8th Pass";"63";"59238367";"12118213";"Yes";"DAMPA (ST)";"MIZORAM";"MAMIT";"2023";"Mizoram";"No Comment"
"Lalhmingthanga";"INC";"0";"Post Graduate";"48";"4520000";"0";"No";"DAMPA (ST)";"MIZORAM";"MAMIT";"2023";"Mizoram";"No Comment"
"Lalramdingnghet";"IND";"0";"8th Pass";"41";"6007358";"0";"No";"DAMPA (ST)";"MIZORAM";"MAMIT";"2023";"Mizoram";"No Comment"
"Vanlalhmuaka";"BJP";"0";"Graduate";"52";"3131405";"0";"No";"DAMPA (ST)";"MIZORAM";"MAMIT";"2023";"Mizoram";"No Comment"
"Vanlalsailova";"Zoram People’s Movement";"0";"10th Pass";"44";"6571425";"0";"No";"DAMPA (ST)";"MIZORAM";"MAMIT";"2023";"Mizoram";"No Comment"
"Robert Romawia Royte";"MNF";"0";"Post Graduate";"56";"322400039";"5036206";"Yes";"HACHHEK (ST)";"MIZORAM";"MAMIT";"2023";"Mizoram";"No Comment"
"K J Lalbiakngheta";"Zoram People’s Movement";"0";"Post Graduate";"41";"3262510";"0";"No";"HACHHEK (ST)";"MIZORAM";"MAMIT";"2023";"Mizoram";"No Comment"
"Lalrindika Ralt";"INC";"0";"5th Pass";"48";"62152382";"38297900";"No";"HACHHEK (ST)";"MIZORAM";"MAMIT";"2023";"Mizoram";"No Comment"
"Malsawmtluanga";"BJP";"0";"Graduate";"47";"18682842";"0";"No";"HACHHEK (ST)";"MIZORAM";"MAMIT";"2023";"Mizoram";"No Comment"
"H. Lalzirliana";"MNF";"0";"Graduate Professional";"53";"37776399";"8039000";"Yes";"MAMIT (ST)";"MIZORAM";"MAMIT";"2023";"Mizoram";"No Comment"
"H. Zorempuia";"Zoram People’s Movement";"0";"Post Graduate";"41";"33694959";"2884148";"No";"MAMIT (ST)";"MIZORAM";"MAMIT";"2023";"Mizoram";"No Comment"
"K. Lalthanzama";"INC";"0";"10th Pass";"42";"87206750";"15000000";"No";"MAMIT (ST)";"MIZORAM";"MAMIT";"2023";"Mizoram";"No Comment"
"Lalramdingnghet";"IND";"0";"8th Pass";"41";"6007358";"0";"No";"MAMIT (ST)";"MIZORAM";"MAMIT";"2023";"Mizoram";"No Comment"
"Lalrinliana Sailo";"BJP";"0";"Graduate";"64";"38265285";"4628560";"No";"MAMIT (ST)";"MIZORAM";"MAMIT";"2023";"Mizoram";"No Comment"
"Lalbiakzama";"Zoram People’s Movement";"0";"Graduate";"58";"150002544";"25000000";"Yes";"CHALFILH (ST)";"MIZORAM";"SAITUAL";"2023";"Mizoram";"No Comment"
"Dr. Zonuntluanga";"BJP";"0";"Doctorate";"42";"2030000";"0";"No";"CHALFILH (ST)";"MIZORAM";"SAITUAL";"2023";"Mizoram";"No Comment"
"K. Lalhmangaiha";"MNF";"0";"8th Pass";"57";"20370568";"0";"No";"CHALFILH (ST)";"MIZORAM";"SAITUAL";"2023";"Mizoram";"No Comment"
"Vanneihthanga";"INC";"0";"10th Pass";"62";"52370000";"911900";"No";"CHALFILH (ST)";"MIZORAM";"SAITUAL";"2023";"Mizoram";"No Comment"
"F.Rodingliana";"Zoram People’s Movement";"0";"10th Pass";"59";"222835783";"12255024";"Yes";"LENGTENG (ST)";"MIZORAM";"SAITUAL";"2023";"Mizoram";"No Comment"
"B.Suanzalang";"BJP";"0";"Graduate";"67";"8466498";"0";"No";"LENGTENG (ST)";"MIZORAM";"SAITUAL";"2023";"Mizoram";"No Comment"
"Dr. L. Thangmawia";"MNF";"0";"Doctorate";"49";"37951441";"19043031";"No";"LENGTENG (ST)";"MIZORAM";"SAITUAL";"2023";"Mizoram";"No Comment"
"Lalhmingthanga Pachuau";"INC";"0";"Graduate";"49";"4513254";"800000";"No";"LENGTENG (ST)";"MIZORAM";"SAITUAL";"2023";"Mizoram";"No Comment"
"Prof. Lalnilawma";"Zoram People’s Movement";"0";"Doctorate";"54";"19767034";"3823790";"Yes";"TAWI (ST)";"MIZORAM";"SAITUAL";"2023";"Mizoram";"No Comment"
"Lalrinenga Sailo";"MNF";"0";"8th Pass";"59";"262427729";"5000000";"No";"TAWI (ST)";"MIZORAM";"SAITUAL";"2023";"Mizoram";"No Comment"
"Lalringliana Khiangt";"INC";"0";"Post Graduate";"44";"29380784";"0";"No";"TAWI (ST)";"MIZORAM";"SAITUAL";"2023";"Mizoram";"No Comment"
"Lalmuanpuia Punte";"Zoram People’s Movement";"0";"Graduate";"56";"5772493";"135190";"Yes";"HRANGTURZO (ST)";"MIZORAM";"SERCHHIP";"2023";"Mizoram";"No Comment"
"Dr. Zaichhawna Hlawndo";"IND";"0";"Doctorate";"60";"30597453";"0";"No";"HRANGTURZO (ST)";"MIZORAM";"SERCHHIP";"2023";"Mizoram";"No Comment"
"Lalmalsawma";"BJP";"0";"Graduate";"37";"13644";"160381";"No";"HRANGTURZO (ST)";"MIZORAM";"SERCHHIP";"2023";"Mizoram";"No Comment"
"Lalremruata Chhangt";"MNF";"0";"Post Graduate";"55";"10163249";"2502691";"No";"HRANGTURZO (ST)";"MIZORAM";"SERCHHIP";"2023";"Mizoram";"No Comment"
"Lalroenga";"INC";"0";"Others";"67";"72299881";"7273553";"No";"HRANGTURZO (ST)";"MIZORAM";"SERCHHIP";"2023";"Mizoram";"No Comment"
"Lalduhoma";"Zoram People’s Movement";"0";"Graduate";"73";"41388226";"2154483";"Yes";"SERCHHIP (ST)";"MIZORAM";"SERCHHIP";"2023";"Mizoram";"No Comment"
"J. Malsawmzuala Vanchhawng";"MNF";"0";"Graduate Professional";"44";"2040542";"210212";"No";"SERCHHIP (ST)";"MIZORAM";"SERCHHIP";"2023";"Mizoram";"No Comment"
"K Vanlalruat";"BJP";"0";"Graduate";"45";"1308980";"0";"No";"SERCHHIP (ST)";"MIZORAM";"SERCHHIP";"2023";"Mizoram";"No Comment"
"Lalawmpuia Renthl";"IND";"0";"10th Pass";"41";"10064174";"0";"No";"SERCHHIP (ST)";"MIZORAM";"SERCHHIP";"2023";"Mizoram";"No Comment"
"R Vanlaltluanga";"INC";"0";"Graduate";"49";"556393721";"0";"No";"SERCHHIP (ST)";"MIZORAM";"SERCHHIP";"2023";"Mizoram";"No Comment"
"Ramhlun-Edena";"IND";"0";"Graduate Professional";"53";"1500";"0";"No";"SERCHHIP (ST)";"MIZORAM";"SERCHHIP";"2023";"Mizoram";"No Comment"
"P.C. Vanlalruata";"Zoram People’s Movement";"0";"Post Graduate";"50";"65649500";"20800000";"Yes";"TUIKUM (ST)";"MIZORAM";"SERCHHIP";"2023";"Mizoram";"No Comment"
"C. Lalrinmaw";"IND";"0";"12th Pass";"45";"4140000";"1300000";"No";"TUIKUM (ST)";"MIZORAM";"SERCHHIP";"2023";"Mizoram";"No Comment"
"Er. Lalrinawma";"MNF";"0";"Graduate Professional";"50";"12489293";"2823229";"No";"TUIKUM (ST)";"MIZORAM";"SERCHHIP";"2023";"Mizoram";"No Comment"
"T.T. Zothansanga";"INC";"0";"Graduate Professional";"59";"27770647";"350000";"No";"TUIKUM (ST)";"MIZORAM";"SERCHHIP";"2023";"Mizoram";"No Comment"
"K. Hrahmo";"BJP";"0";"Graduate";"63";"16471271";"1506620";"Yes";"PALAK (ST)";"MIZORAM";"SIAHA";"2023";"Mizoram";"No Comment"
"I.P. Junio";"INC";"0";"Graduate";"51";"59800703";"2333599";"No";"PALAK (ST)";"MIZORAM";"SIAHA";"2023";"Mizoram";"No Comment"
"K. Robinso";"Zoram People’s Movement";"0";"Illiterate";"42";"1143154";"1135141";"No";"PALAK (ST)";"MIZORAM";"SIAHA";"2023";"Mizoram";"No Comment"
"Kt Rokhaw";"MNF";"0";"12th Pass";"59";"29095901";"2300000";"No";"PALAK (ST)";"MIZORAM";"SIAHA";"2023";"Mizoram";"No Comment"
"Dr. K. Beichhua";"BJP";"0";"Graduate Professional";"56";"51355286";"2247577";"Yes";"SAIHA (ST)";"MIZORAM";"SIAHA";"2023";"Mizoram";"No Comment"
"A. Phirthianga";"IND";"0";"Graduate";"59";"17000";"0";"No";"SAIHA (ST)";"MIZORAM";"SIAHA";"2023";"Mizoram";"No Comment"
"H.C Lalmalsawma Zasa";"MNF";"0";"Post Graduate";"53";"45269392";"7258742";"No";"SAIHA (ST)";"MIZORAM";"SIAHA";"2023";"Mizoram";"No Comment"
"Kh. Beith";"Zoram People’s Movement";"0";"Graduate";"65";"7872503";"0";"No";"SAIHA (ST)";"MIZORAM";"SIAHA";"2023";"Mizoram";"No Comment"
"N. Chakha";"INC";"0";"Post Graduate";"63";"58173936";"0";"No";"SAIHA (ST)";"MIZORAM";"SIAHA";"2023";"Mizoram";"No Comment"
"Zoramthanga";"MNF";" 2";"Graduate";"74";"38431186";"0";"Yes";"AIZAWL EAST I";"MIZORAM";"AIZAWL";"2018";"Mizoram";"No Comment"
"K Sapdanga";"IND";"0";"Graduate";"59";"196799256";"0";"No";"AIZAWL EAST I";"MIZORAM";"AIZAWL";"2018";"Mizoram";"No Comment"
"K Vanlalrawna";"INC";"0";"Post Graduate";"56";"17063358";"0";"No";"AIZAWL EAST I";"MIZORAM";"AIZAWL";"2018";"Mizoram";"No Comment"
"K. Lalrinpu";"NCP";"0";"10th Pass";"41";"300000";"0";"No";"AIZAWL EAST I";"MIZORAM";"AIZAWL";"2018";"Mizoram";"No Comment"
"Laldinliana Sailo";"BJP";"0";"Graduate Professional";"44";"5101466";"0";"No";"AIZAWL EAST I";"MIZORAM";"AIZAWL";"2018";"Mizoram";"No Comment"
"Zosangliana";"IND";"0";"5th Pass";"60";"180000";"0";"No";"AIZAWL EAST I";"MIZORAM";"AIZAWL";"2018";"Mizoram";"No Comment"
"Robert Romawia Royte";"MNF";"0";"Post Graduate";"51";"447479562";"15239450";"Yes";"AIZAWL EAST II";"MIZORAM";"AIZAWL";"2018";"Mizoram";"No Comment"
"B Lalchhanzova";"IND";"0";"Post Graduate";"42";"6050139";"0";"No";"AIZAWL EAST II";"MIZORAM";"AIZAWL";"2018";"Mizoram";"No Comment"
"Lalsawta";"INC";"0";"Post Graduate";"72";"10710968";"911436";"No";"AIZAWL EAST II";"MIZORAM";"AIZAWL";"2018";"Mizoram";"No Comment"
"T Lalmalsawm";"BJP";"0";"8th Pass";"52";"210000";"0";"No";"AIZAWL EAST II";"MIZORAM";"AIZAWL";"2018";"Mizoram";"No Comment"
"Vanlalhlana";"IND";"0";"Post Graduate";"59";"17667000";"0";"Yes";"AIZAWL NORTH I";"MIZORAM";"AIZAWL";"2018";"Mizoram";"No Comment"
"C.lalhlimpuia";"INC";"0";"Post Graduate";"43";"7473655";"170679";"No";"AIZAWL NORTH I";"MIZORAM";"AIZAWL";"2018";"Mizoram";"No Comment"
"David Lalfakzuala";"BJP";"0";"12th Pass";"42";"10063005";"439562";"No";"AIZAWL NORTH I";"MIZORAM";"AIZAWL";"2018";"Mizoram";"No Comment"
"Lalringliana";"MNF";"0";"Graduate";"63";"20326413";"0";"No";"AIZAWL NORTH I";"MIZORAM";"AIZAWL";"2018";"Mizoram";"No Comment"
"Lalruatfeli Hlawndo";"IND";"0";"Graduate Professional";"26";"20000";"0";"No";"AIZAWL NORTH I";"MIZORAM";"AIZAWL";"2018";"Mizoram";"No Comment"
"Vanlalruata";"PRISM Party";"0";"Graduate";"43";"787714";"163554";"No";"AIZAWL NORTH I";"MIZORAM";"AIZAWL";"2018";"Mizoram";"No Comment"
"Vanlalthlana";"IND";"0";"Doctorate";"40";"33034746";"4000338";"Yes";"AIZAWL NORTH II";"MIZORAM";"AIZAWL";"2018";"Mizoram";"No Comment"
"C. Lalnunz";"BJP";"0";"10th Pass";"56";"7073428";"40000";"No";"AIZAWL NORTH II";"MIZORAM";"AIZAWL";"2018";"Mizoram";"No Comment"
"H. Liansailova";"INC";"0";"Post Graduate";"76";"10668254";"500000";"No";"AIZAWL NORTH II";"MIZORAM";"AIZAWL";"2018";"Mizoram";"No Comment"
"Lalhrilzeli Hlawndo";"IND";"0";"Graduate";"28";"20000";"0";"No";"AIZAWL NORTH II";"MIZORAM";"AIZAWL";"2018";"Mizoram";"No Comment"
"Laltlanzova Khiangt";"MNF";"0";"Post Graduate";"40";"67108855";"1490277";"No";"AIZAWL NORTH II";"MIZORAM";"AIZAWL";"2018";"Mizoram";"No Comment"
"Rochungnunga";"PRISM Party";"0";"8th Pass";"41";"1244792";"134372";"No";"AIZAWL NORTH II";"MIZORAM";"AIZAWL";"2018";"Mizoram";"No Comment"
"C Lalmuanpuia";"MNF";"0";"Graduate";"45";"4783448";"200000";"Yes";"AIZAWL NORTH III";"MIZORAM";"AIZAWL";"2018";"Mizoram";"No Comment"
"Lal Thanzara";"INC";"0";"Post Graduate";"69";"23993835";"536734";"No";"AIZAWL NORTH III";"MIZORAM";"AIZAWL";"2018";"Mizoram";"No Comment"
"Lalhmingthanga";"IND";"0";"Post Graduate";"64";"3807420";"0";"No";"AIZAWL NORTH III";"MIZORAM";"AIZAWL";"2018";"Mizoram";"No Comment"
"Lalremsiama Ralt";"IND";"0";"Graduate";"54";"12601500";"0";"No";"AIZAWL NORTH III";"MIZORAM";"AIZAWL";"2018";"Mizoram";"No Comment"
"Vl Awia";"BJP";"0";"Graduate";"64";"10005000";"0";"No";"AIZAWL NORTH III";"MIZORAM";"AIZAWL";"2018";"Mizoram";"No Comment"
"C. Lalsawivunga";"IND";"0";"Graduate";"56";"12561427";"9465";"Yes";"AIZAWL SOUTH I";"MIZORAM";"AIZAWL";"2018";"Mizoram";"No Comment"
"Dr Zonuntluanga";"BJP";"0";"Doctorate";"38";"2252324";"0";"No";"AIZAWL SOUTH I";"MIZORAM";"AIZAWL";"2018";"Mizoram";"No Comment"
"Hk Liansawta";"PRISM Party";"0";"Others";"65";"4895837";"0";"No";"AIZAWL SOUTH I";"MIZORAM";"AIZAWL";"2018";"Mizoram";"No Comment"
"K. Liantlinga";"MNF";"0";"12th Pass";"65";"38872436";"270277";"No";"AIZAWL SOUTH I";"MIZORAM";"AIZAWL";"2018";"Mizoram";"No Comment"
"Lalthlamua";"IND";"0";"Illiterate";"63";"4536455";"500000";"No";"AIZAWL SOUTH I";"MIZORAM";"AIZAWL";"2018";"Mizoram";"No Comment"
"R. Vanlalvena";"INC";"0";"Graduate";"53";"6773320";"1089495";"No";"AIZAWL SOUTH I";"MIZORAM";"AIZAWL";"2018";"Mizoram";"No Comment"
"Lalchhuanthanga";"IND";"0";"Graduate";"61";"129482162";"0";"Yes";"AIZAWL SOUTH II";"MIZORAM";"AIZAWL";"2018";"Mizoram";"No Comment"
"Denghmingthanga";"MNF";"0";"Graduate";"50";"14740562";"424984";"No";"AIZAWL SOUTH II";"MIZORAM";"AIZAWL";"2018";"Mizoram";"No Comment"
"Lt. Col. Zosangzuala";"INC";"0";"12th Pass";"75";"19037871";"495261";"No";"AIZAWL SOUTH II";"MIZORAM";"AIZAWL";"2018";"Mizoram";"No Comment"
"R Lalchhuanawm";"IND";"0";"5th Pass";"55";"15000";"0";"No";"AIZAWL SOUTH II";"MIZORAM";"AIZAWL";"2018";"Mizoram";"No Comment"
"F Lalnunmawia";"MNF";"0";"Doctorate";"45";"11900315";"2232042";"Yes";"AIZAWL SOUTH III";"MIZORAM";"AIZAWL";"2018";"Mizoram";"No Comment"
"F Lalremsang";"BJP";"0";"Post Graduate";"40";"7752533";"1312980";"No";"AIZAWL SOUTH III";"MIZORAM";"AIZAWL";"2018";"Mizoram";"No Comment"
"K.s Thanga";"INC";"0";"12th Pass";"58";"22706728";"0";"No";"AIZAWL SOUTH III";"MIZORAM";"AIZAWL";"2018";"Mizoram";"No Comment"
"R.d Lalrammawia";"IND";"0";"Post Graduate";"47";"1855044";"0";"No";"AIZAWL SOUTH III";"MIZORAM";"AIZAWL";"2018";"Mizoram";"No Comment"
"Tlangngaihthanga";"IND";"0";"8th Pass";"51";"80000";"0";"No";"AIZAWL SOUTH III";"MIZORAM";"AIZAWL";"2018";"Mizoram";"No Comment"
"Lalduhoma";"IND";"0";"Graduate";"69";"21345074";"504535";"Yes";"AIZAWL WEST I";"MIZORAM";"AIZAWL";"2018";"Mizoram";"No Comment"
"K. Sangthuama";"MNF";"0";"12th Pass";"78";"122885641";"3505014";"No";"AIZAWL WEST I";"MIZORAM";"AIZAWL";"2018";"Mizoram";"No Comment"
"Lalhruaia";"NCP";"0";"8th Pass";"47";"10500";"0";"No";"AIZAWL WEST I";"MIZORAM";"AIZAWL";"2018";"Mizoram";"No Comment"
"Lalrodinga Colney";"BJP";"0";"Doctorate";"55";"56210230";"0";"No";"AIZAWL WEST I";"MIZORAM";"AIZAWL";"2018";"Mizoram";"No Comment"
"P.c. Laltlansanga";"INC";"0";"Post Graduate";"45";"20502425";"0";"No";"AIZAWL WEST I";"MIZORAM";"AIZAWL";"2018";"Mizoram";"No Comment"
"Zaichhawna Hlawndo";"IND";"0";"Doctorate";"55";"3843394";"0";"No";"AIZAWL WEST I";"MIZORAM";"AIZAWL";"2018";"Mizoram";"No Comment"
"Zothantluanga";"MNF";"0";"Post Graduate";"65";"30092688";"860000";"Yes";"AIZAWL WEST I (ST)";"MIZORAM";"AIZAWL";"2018";"Mizoram";"BYE ELECTION ON 11-04-2019"
"Lalbuanga Sailo";"IND";"0";"Graduate";"62";"25395000";"0";"No";"AIZAWL WEST I (ST)";"MIZORAM";"AIZAWL";"2018";"Mizoram";"BYE ELECTION ON 11-04-2019"
"Rev. Dr. Zaichhawna Hlawndo";"IND";"0";"Doctorate";"55";"23412800";"0";"No";"AIZAWL WEST I (ST)";"MIZORAM";"AIZAWL";"2018";"Mizoram";"BYE ELECTION ON 11-04-2019"
"Lalruatkima";"MNF";"0";"Graduate";"46";"35598167";"4730027";"Yes";"AIZAWL WEST II";"MIZORAM";"AIZAWL";"2018";"Mizoram";"No Comment"
"C Lalchawimawia";"BJP";"0";"10th Pass";"71";"6154321";"0";"No";"AIZAWL WEST II";"MIZORAM";"AIZAWL";"2018";"Mizoram";"No Comment"
"C Laltanpuia";"PRISM Party";"0";"10th Pass";"33";"40000";"200000";"No";"AIZAWL WEST II";"MIZORAM";"AIZAWL";"2018";"Mizoram";"No Comment"
"Dr Lalmuana";"IND";"0";"Doctorate";"47";"15000";"0";"No";"AIZAWL WEST II";"MIZORAM";"AIZAWL";"2018";"Mizoram";"No Comment"
"Dr. Lalmalsawma Nghaka";"INC";"0";"Graduate Professional";"36";"80953599";"30500000";"No";"AIZAWL WEST II";"MIZORAM";"AIZAWL";"2018";"Mizoram";"No Comment"
"Lalhmangaiha Sailo";"IND";"0";"Post Graduate";"68";"62001629";"0";"No";"AIZAWL WEST II";"MIZORAM";"AIZAWL";"2018";"Mizoram";"No Comment"
"V.l. Zaithanzama";"IND";"0";"12th Pass";"60";"17060003";"0";"Yes";"AIZAWL WEST III";"MIZORAM";"AIZAWL";"2018";"Mizoram";"No Comment"
"Dr. C.t. Tluanga";"INC";"0";"Graduate Professional";"69";"27255248";"4859105";"No";"AIZAWL WEST III";"MIZORAM";"AIZAWL";"2018";"Mizoram";"No Comment"
"R Lalzamliana";"BJP";"0";"12th Pass";"56";"12989715";"0";"No";"AIZAWL WEST III";"MIZORAM";"AIZAWL";"2018";"Mizoram";"No Comment"
"Vanlalzawma";"MNF";"0";"Post Graduate";"62";"36464796";"709680";"No";"AIZAWL WEST III";"MIZORAM";"AIZAWL";"2018";"Mizoram";"No Comment"
"Lalrinliana Sailo";"MNF";"0";"Graduate";"59";"32285199";"1122893";"Yes";"CHALFILH";"MIZORAM";"AIZAWL";"2018";"Mizoram";"No Comment"
"F. Rualhleia";"IND";"0";"12th Pass";"62";"1714907";"0";"No";"CHALFILH";"MIZORAM";"AIZAWL";"2018";"Mizoram";"No Comment"
"L. T. Hrangchal";"INC";"0";"Graduate";"61";"33114600";"98124";"No";"CHALFILH";"MIZORAM";"AIZAWL";"2018";"Mizoram";"No Comment"
"P. Sanghmingthanga";"BJP";"0";"Graduate";"57";"61054902";"1461314";"No";"CHALFILH";"MIZORAM";"AIZAWL";"2018";"Mizoram";"No Comment"
"R.lalzirliana";"MNF";"0";"10th Pass";"69";"75299226";"0";"Yes";"TAWI";"MIZORAM";"AIZAWL";"2018";"Mizoram";"No Comment"
"H.lalremsiama";"PRISM Party";"0";"Graduate";"34";"112969";"0";"No";"TAWI";"MIZORAM";"AIZAWL";"2018";"Mizoram";"No Comment"
"Lalzenghak";"IND";"0";"Post Graduate";"45";"3190000";"0";"No";"TAWI";"MIZORAM";"AIZAWL";"2018";"Mizoram";"No Comment"
"Prof.j.v.hluna";"BJP";"0";"Doctorate";"66";"58325147";"0";"No";"TAWI";"MIZORAM";"AIZAWL";"2018";"Mizoram";"No Comment"
"R. Lalthatluanga";"IND";"0";"Graduate";"52";"13912389";"0";"No";"TAWI";"MIZORAM";"AIZAWL";"2018";"Mizoram";"No Comment"
"Rosiamngheta";"INC";"0";"Graduate";"54";"29033224";"243468";"No";"TAWI";"MIZORAM";"AIZAWL";"2018";"Mizoram";"No Comment"
"Lalchhandama Ralte";"MNF";"0";"Post Graduate";"46";"40030381";"300000";"Yes";"TUIVAWL";"MIZORAM";"AIZAWL";"2018";"Mizoram";"No Comment"
"H. K. Hlimpawlthanga";"IND";"0";"Literate";"44";"501388";"0";"No";"TUIVAWL";"MIZORAM";"AIZAWL";"2018";"Mizoram";"No Comment"
"Judy Zohminglia";"BJP";"0";"Graduate";"62";"43141960";"252000";"No";"TUIVAWL";"MIZORAM";"AIZAWL";"2018";"Mizoram";"No Comment"
"K. Romawia";"IND";"0";"Others";"60";"6363938";"0";"No";"TUIVAWL";"MIZORAM";"AIZAWL";"2018";"Mizoram";"No Comment"
"R. L. Pianmawia";"INC";"0";"12th Pass";"59";"5129300";"1445084";"No";"TUIVAWL";"MIZORAM";"AIZAWL";"2018";"Mizoram";"No Comment"
"Dr Zr.thiamsanga";"MNF";"0";"Post Graduate";"60";"68606789";"3500000";"Yes";"CHAMPHAI NORTH";"MIZORAM";"CHAMPHAI";"2018";"Mizoram";"No Comment"
"B.suanzalang";"NPP";"0";"Graduate";"63";"7292090";"0";"No";"CHAMPHAI NORTH";"MIZORAM";"CHAMPHAI";"2018";"Mizoram";"No Comment"
"C.hrangsatkima";"BJP";"0";"12th Pass";"59";"11317115";"270000";"No";"CHAMPHAI NORTH";"MIZORAM";"CHAMPHAI";"2018";"Mizoram";"No Comment"
"C.lalchhawnthanga";"IND";"0";"5th Pass";"67";"7549476";"178310";"No";"CHAMPHAI NORTH";"MIZORAM";"CHAMPHAI";"2018";"Mizoram";"No Comment"
"T.t. Zothansanga";"INC";"0";"Graduate Professional";"54";"18179221";"440137";"No";"CHAMPHAI NORTH";"MIZORAM";"CHAMPHAI";"2018";"Mizoram";"No Comment"
"Tbc Lalvenchhunga";"PRISM Party";"0";"10th Pass";"35";"7858517";"2166036";"No";"CHAMPHAI NORTH";"MIZORAM";"CHAMPHAI";"2018";"Mizoram";"No Comment"
"T.j Lalnuntluanga";"MNF";"0";"Graduate Professional";"39";"4362265";"734929";"Yes";"CHAMPHAI SOUTH";"MIZORAM";"CHAMPHAI";"2018";"Mizoram";"No Comment"
"C. Lalremliana";"IND";"0";"Graduate";"59";"4711467";"0";"No";"CHAMPHAI SOUTH";"MIZORAM";"CHAMPHAI";"2018";"Mizoram";"No Comment"
"Lal Thanhawla";"INC";" 1";"Graduate";"80";"122019747";"4973066";"No";"CHAMPHAI SOUTH";"MIZORAM";"CHAMPHAI";"2018";"Mizoram";"No Comment"
"Ronghaka";"BJP";"0";"Graduate";"61";"8011044";"1096700";"No";"CHAMPHAI SOUTH";"MIZORAM";"CHAMPHAI";"2018";"Mizoram";"No Comment"
"Tlangngaihthanga";"IND";"0";"8th Pass";"55";"80000";"0";"No";"CHAMPHAI SOUTH";"MIZORAM";"CHAMPHAI";"2018";"Mizoram";"No Comment"
"Ramthanmawia";"MNF";"0";"Others";"61";"169836107";"0";"Yes";"EAST TUIPUI";"MIZORAM";"CHAMPHAI";"2018";"Mizoram";"No Comment"
"C.laltanpuia";"IND";"0";"8th Pass";"57";"307694041";"0";"No";"EAST TUIPUI";"MIZORAM";"CHAMPHAI";"2018";"Mizoram";"No Comment"
"Dr.vl.zahawma Chawngthu";"BJP";" 1";"Graduate";"45";"12047";"0";"No";"EAST TUIPUI";"MIZORAM";"CHAMPHAI";"2018";"Mizoram";"No Comment"
"Simeona";"IND";"0";"8th Pass";"32";"6600";"0";"No";"EAST TUIPUI";"MIZORAM";"CHAMPHAI";"2018";"Mizoram";"No Comment"
"T.sangkunga";"INC";"0";"Graduate";"65";"18214518";"773940";"No";"EAST TUIPUI";"MIZORAM";"CHAMPHAI";"2018";"Mizoram";"No Comment"
"L.thangmawia";"MNF";"0";"Post Graduate";"44";"12289813";"2096530";"Yes";"LENGTENG";"MIZORAM";"CHAMPHAI";"2018";"Mizoram";"No Comment"
"H.ginzalala";"IND";"0";"Post Graduate";"45";"107145649";"415721";"No";"LENGTENG";"MIZORAM";"CHAMPHAI";"2018";"Mizoram";"No Comment"
"H.rohluna";"INC";"0";"Post Graduate";"57";"6625627";"0";"No";"LENGTENG";"MIZORAM";"CHAMPHAI";"2018";"Mizoram";"No Comment"
"Laldinnghet";"BJP";"0";"Graduate";"59";"5200000";"0";"No";"LENGTENG";"MIZORAM";"CHAMPHAI";"2018";"Mizoram";"No Comment"
"Lalhrilzeli Hlawndo";"IND";"0";"Graduate Professional";"28";"99100";"0";"No";"LENGTENG";"MIZORAM";"CHAMPHAI";"2018";"Mizoram";"No Comment"
"Tawnluia";"MNF";"0";"12th Pass";"75";"10604771";"0";"Yes";"TUICHANG";"MIZORAM";"CHAMPHAI";"2018";"Mizoram";"No Comment"
"James Thanghmingmawia";"INC";" 1";"Graduate Professional";"43";"6049520";"3992540";"No";"TUICHANG";"MIZORAM";"CHAMPHAI";"2018";"Mizoram";"No Comment"
"Lalduhpu";"BJP";" 1";"10th Pass";"50";"11035668";"0";"No";"TUICHANG";"MIZORAM";"CHAMPHAI";"2018";"Mizoram";"No Comment"
"Lalremsanga";"IND";"0";"Graduate Professional";"63";"4550000";"0";"No";"TUICHANG";"MIZORAM";"CHAMPHAI";"2018";"Mizoram";"No Comment"
". Chhuanawma";"IND";"0";"10th Pass";"58";"34553861";"0";"No";"TUICHANG";"MIZORAM";"CHAMPHAI";"2018";"Mizoram";"No Comment"
"K. Lalrinliana";"MNF";"0";"10th Pass";"58";"41157512";"1939399";"Yes";"KOLASIB";"MIZORAM";"KOLASIB";"2018";"Mizoram";"No Comment"
"B. Lianthlira";"BJP";"0";"Post Graduate";"63";"10318684";"0";"No";"KOLASIB";"MIZORAM";"KOLASIB";"2018";"Mizoram";"No Comment"
"Dr. Ngurdingliana";"INC";"0";"Doctorate";"52";"3064054";"613290";"No";"KOLASIB";"MIZORAM";"KOLASIB";"2018";"Mizoram";"No Comment"
"John Lalremruata";"NPP";"0";"Graduate";"39";"12852653";"0";"No";"KOLASIB";"MIZORAM";"KOLASIB";"2018";"Mizoram";"No Comment"
"Lalfamkima";"IND";"0";"Graduate";"52";"58808706";"5233854";"No";"KOLASIB";"MIZORAM";"KOLASIB";"2018";"Mizoram";"No Comment"
"Zodinsanga";"PRISM Party";"0";"Graduate";"46";"10885177";"450550";"No";"KOLASIB";"MIZORAM";"KOLASIB";"2018";"Mizoram";"No Comment"
"Lalrinsanga Ralte";"MNF";"0";"Graduate";"40";"5739763";"0";"Yes";"SERLUI";"MIZORAM";"KOLASIB";"2018";"Mizoram";"No Comment"
"Hmingchungnunga";"NPP";"0";"Graduate";"57";"19211092";"504773";"No";"SERLUI";"MIZORAM";"KOLASIB";"2018";"Mizoram";"No Comment"
"Lalhmachhuana";"INC";"0";"Graduate";"34";"11354237";"0";"No";"SERLUI";"MIZORAM";"KOLASIB";"2018";"Mizoram";"No Comment"
"Lalmuanpuia Punt";"IND";"0";"Graduate";"51";"3240869";"0";"No";"SERLUI";"MIZORAM";"KOLASIB";"2018";"Mizoram";"No Comment"
"Vanlalhmuaka";"BJP";"0";"Graduate";"42";"520000";"0";"No";"SERLUI";"MIZORAM";"KOLASIB";"2018";"Mizoram";"No Comment"
"Andrew H Thangliana";"IND";"0";"12th Pass";"41";"99405111";"18671042";"Yes";"TUIRIAL";"MIZORAM";"KOLASIB";"2018";"Mizoram";"No Comment"
"B. Vanlalhruaia";"PRISM Party";"0";"Graduate";"50";"715900";"0";"No";"TUIRIAL";"MIZORAM";"KOLASIB";"2018";"Mizoram";"No Comment"
"Hmingdailova Khiangt";"NPP";"0";"Graduate";"74";"67051112";"9008264";"No";"TUIRIAL";"MIZORAM";"KOLASIB";"2018";"Mizoram";"No Comment"
"Jacob T Vanlawma";"BJP";"0";"Graduate Professional";"34";"2579660";"60000";"No";"TUIRIAL";"MIZORAM";"KOLASIB";"2018";"Mizoram";"No Comment"
"Joseph Lalngaihawma Ralt";"INC";"0";"Others";"50";"16037462";"3181446";"No";"TUIRIAL";"MIZORAM";"KOLASIB";"2018";"Mizoram";"No Comment"
"Sailothanga Sailo";"MNF";"0";"12th Pass";"70";"22042427";"0";"No";"TUIRIAL";"MIZORAM";"KOLASIB";"2018";"Mizoram";"No Comment"
"V Lalennawma";"IND";"0";"10th Pass";"67";"420000";"0";"No";"TUIRIAL";"MIZORAM";"KOLASIB";"2018";"Mizoram";"No Comment"
"K.laldawngliana";"MNF";"0";"Post Graduate";"49";"61881690";"520899";"Yes";"TUIRIAL";"MIZORAM";"KOLASIB";"2018";"Mizoram";"BYE ELECTION ON 30-10-2021"
"Chalrosanga Ralt";"INC";"0";"Graduate";"47";"269079384";"17600000";"No";"TUIRIAL";"MIZORAM";"KOLASIB";"2018";"Mizoram";"BYE ELECTION ON 30-10-2021"
"K.laldinthara";"BJP";"0";"Graduate";"49";"550000";"0";"No";"TUIRIAL";"MIZORAM";"KOLASIB";"2018";"Mizoram";"BYE ELECTION ON 30-10-2021"
"Laltlanmawia";"Zoram Peoples Movement";"0";"Graduate";"46";"151556214";"10583952";"No";"TUIRIAL";"MIZORAM";"KOLASIB";"2018";"Mizoram";"BYE ELECTION ON 30-10-2021"
"H. Biakzaua";"MNF";"0";"Graduate";"53";"17885260";"2157082";"Yes";"LAWNGTLAI EAST";"MIZORAM";"LAWNGTLAI";"2018";"Mizoram";"No Comment"
"C. Biakchhunga";"IND";"0";"Graduate";"59";"7166341";"466194";"No";"LAWNGTLAI EAST";"MIZORAM";"LAWNGTLAI";"2018";"Mizoram";"No Comment"
"H. Zothangliana";"INC";"0";"Post Graduate";"49";"15460406";"1468129";"No";"LAWNGTLAI EAST";"MIZORAM";"LAWNGTLAI";"2018";"Mizoram";"No Comment"
"Mc. Lalramchhana";"IND";"0";"12th Pass";"41";"675000";"0";"No";"LAWNGTLAI EAST";"MIZORAM";"LAWNGTLAI";"2018";"Mizoram";"No Comment"
"Vanupa Zathang";"BJP";"0";"Post Graduate";"65";"570000";"700000";"No";"LAWNGTLAI EAST";"MIZORAM";"LAWNGTLAI";"2018";"Mizoram";"No Comment"
"C. Ngunlianchunga";"INC";"0";"8th Pass";"58";"80010668";"13334644";"Yes";"LAWNGTLAI WEST";"MIZORAM";"LAWNGTLAI";"2018";"Mizoram";"No Comment"
"C. Ramhluna";"MNF";"0";"Graduate Professional";"71";"30099500";"1000000";"No";"LAWNGTLAI WEST";"MIZORAM";"LAWNGTLAI";"2018";"Mizoram";"No Comment"
"J.b. Rualchhinga";"BJP";"0";"Graduate";"66";"80403390";"2800000";"No";"LAWNGTLAI WEST";"MIZORAM";"LAWNGTLAI";"2018";"Mizoram";"No Comment"
"Vanlalthaa";"IND";"0";"8th Pass";"47";"2036559";"300000";"No";"LAWNGTLAI WEST";"MIZORAM";"LAWNGTLAI";"2018";"Mizoram";"No Comment"
"Buddha Dhan Chakma";"BJP";"0";"Graduate Professional";"45";"33186500";"0";"Yes";"TUICHAWNG";"MIZORAM";"LAWNGTLAI";"2018";"Mizoram";"No Comment"
"Doymoy Daveng Chakma";"NPP";"0";"Post Graduate";"30";"4358357";"0";"No";"TUICHAWNG";"MIZORAM";"LAWNGTLAI";"2018";"Mizoram";"No Comment"
"Kali Kumar Tongchangya";"INC";"0";"12th Pass";"46";"22184499";"0";"No";"TUICHAWNG";"MIZORAM";"LAWNGTLAI";"2018";"Mizoram";"No Comment"
"Rasik Mohan Chakma";"MNF";" 1";"Graduate";"54";"16888884";"300000";"No";"TUICHAWNG";"MIZORAM";"LAWNGTLAI";"2018";"Mizoram";"No Comment"
"Lawmawma Tochhawng";"MNF";"0";"Graduate";"62";"47529734";"0";"Yes";"LUNGLEI EAST";"MIZORAM";"LUNGLEI";"2018";"Mizoram";"No Comment"
"H Lalruata";"BJP";"0";"Doctorate";"73";"56960000";"0";"No";"LUNGLEI EAST";"MIZORAM";"LUNGLEI";"2018";"Mizoram";"No Comment"
"Joseph Lalhimpuia";"INC";"0";"Post Graduate";"44";"23590291";"4944275";"No";"LUNGLEI EAST";"MIZORAM";"LUNGLEI";"2018";"Mizoram";"No Comment"
"Lalrinpu";"IND";"0";"Graduate";"56";"40783425";"3990439";"No";"LUNGLEI EAST";"MIZORAM";"LUNGLEI";"2018";"Mizoram";"No Comment"
"Vanlaltanpuia";"MNF";"0";"Doctorate";"43";"11252975";"1300000";"Yes";"LUNGLEI NORTH";"MIZORAM";"LUNGLEI";"2018";"Mizoram";"No Comment"
"Pc Lalthanliana";"INC";"0";"Graduate";"55";"15930252";"483069";"No";"LUNGLEI NORTH";"MIZORAM";"LUNGLEI";"2018";"Mizoram";"No Comment"
"Ramdinzauva";"BJP";"0";"Post Graduate";"49";"6458";"0";"No";"LUNGLEI NORTH";"MIZORAM";"LUNGLEI";"2018";"Mizoram";"No Comment"
"V Malsawmtluanga";"IND";" 1";"Post Graduate";"29";"15230076";"1853557";"No";"LUNGLEI NORTH";"MIZORAM";"LUNGLEI";"2018";"Mizoram";"No Comment"
"K Pachhunga";"MNF";"0";"Doctorate";"50";"12003663";"840406";"Yes";"LUNGLEI SOUTH";"MIZORAM";"LUNGLEI";"2018";"Mizoram";"No Comment"
"Dr.aichhunga";"BJP";"0";"Graduate Professional";"59";"2864761";"265327";"No";"LUNGLEI SOUTH";"MIZORAM";"LUNGLEI";"2018";"Mizoram";"No Comment"
"R Lalnunthara";"INC";"0";"12th Pass";"47";"117950668";"8000000";"No";"LUNGLEI SOUTH";"MIZORAM";"LUNGLEI";"2018";"Mizoram";"No Comment"
"Rev Dr K Thanzauva";"IND";"0";"Doctorate";"72";"25712402";"2997571";"No";"LUNGLEI SOUTH";"MIZORAM";"LUNGLEI";"2018";"Mizoram";"No Comment"
"C Lalrinsanga";"MNF";"0";"Graduate";"57";"21509411";"504507";"Yes";"LUNGLEI WEST";"MIZORAM";"LUNGLEI";"2018";"Mizoram";"No Comment"
"Chalrosanga Ralt";"INC";"0";"Graduate";"44";"37273340";"18534590";"No";"LUNGLEI WEST";"MIZORAM";"LUNGLEI";"2018";"Mizoram";"No Comment"
"Cs Chawngchhuma";"BJP";"0";"Graduate";"61";"4805000";"0";"No";"LUNGLEI WEST";"MIZORAM";"LUNGLEI";"2018";"Mizoram";"No Comment"
"Lalnuntluanga Sailo";"IND";"0";"10th Pass";"55";"36904547";"2299285";"No";"LUNGLEI WEST";"MIZORAM";"LUNGLEI";"2018";"Mizoram";"No Comment"
"Dr R Lalthangliana";"MNF";" 1";"Doctorate";"62";"74972003";"546109";"Yes";"SOUTH TUIPUI";"MIZORAM";"LUNGLEI";"2018";"Mizoram";"No Comment"
"John Siamkunga";"INC";"0";"Post Graduate";"57";"13341749";"504535";"No";"SOUTH TUIPUI";"MIZORAM";"LUNGLEI";"2018";"Mizoram";"No Comment"
"Lalnunpuia";"BJP";"0";"8th Pass";"41";"10000";"0";"No";"SOUTH TUIPUI";"MIZORAM";"LUNGLEI";"2018";"Mizoram";"No Comment"
"Phairothanga";"IND";"0";"Graduate";"45";"3239481";"0";"No";"SOUTH TUIPUI";"MIZORAM";"LUNGLEI";"2018";"Mizoram";"No Comment"
"Zodintluanga Ralte";"INC";"0";"12th Pass";"56";"28400025";"966733";"Yes";"THORANG";"MIZORAM";"LUNGLEI";"2018";"Mizoram";"No Comment"
"Joseph Lalzawmliana";"BJP";"0";"Graduate";"45";"891826";"500000";"No";"THORANG";"MIZORAM";"LUNGLEI";"2018";"Mizoram";"No Comment"
"Lalhuliana";"NPP";"0";"8th Pass";"53";"1879528";"0";"No";"THORANG";"MIZORAM";"LUNGLEI";"2018";"Mizoram";"No Comment"
"Lalrinzuala";"IND";"0";"10th Pass";"67";"4983271";"199273";"No";"THORANG";"MIZORAM";"LUNGLEI";"2018";"Mizoram";"No Comment"
"R.rohmingliana";"MNF";"0";"Graduate Professional";"46";"67124037";"2736335";"No";"THORANG";"MIZORAM";"LUNGLEI";"2018";"Mizoram";"No Comment"
"Nihar Kanti Chakma";"INC";"0";"Graduate Professional";"49";"15070091";"1009560";"Yes";"WEST TUIPUI";"MIZORAM";"LUNGLEI";"2018";"Mizoram";"No Comment"
"B Vanlalauva";"IND";"0";"Graduate";"30";"1132906";"0";"No";"WEST TUIPUI";"MIZORAM";"LUNGLEI";"2018";"Mizoram";"No Comment"
"F Robert Hmingthansanga";"MNF";"0";"Graduate Professional";"38";"19799924";"692228";"No";"WEST TUIPUI";"MIZORAM";"LUNGLEI";"2018";"Mizoram";"No Comment"
"Kina Ranjan Chakma";"BJP";"0";"10th Pass";"39";"798836";"0";"No";"WEST TUIPUI";"MIZORAM";"LUNGLEI";"2018";"Mizoram";"No Comment"
"Lalrintluanga Sailo";"MNF";"0";"8th Pass";"58";"37581683";"0";"Yes";"DAMPA";"MIZORAM";"MAMIT";"2018";"Mizoram";"No Comment"
"Er. K. Lalrimawia";"BJP";"0";"Graduate Professional";"41";"54601451";"0";"No";"DAMPA";"MIZORAM";"MAMIT";"2018";"Mizoram";"No Comment"
"F Lalrintluang";"IND";"0";"12th Pass";"63";"29467000";"0";"No";"DAMPA";"MIZORAM";"MAMIT";"2018";"Mizoram";"No Comment"
"Lalawmpuia Chhangt";"NCP";"0";"12th Pass";"41";"50500";"0";"No";"DAMPA";"MIZORAM";"MAMIT";"2018";"Mizoram";"No Comment"
"Lalchuhvela";"IND";"0";"5th Pass";"59";"160000";"0";"No";"DAMPA";"MIZORAM";"MAMIT";"2018";"Mizoram";"No Comment"
"Lalrinzuala Chawngthu";"PRISM Party";"0";"Graduate";"41";"1780850";"1397869";"No";"DAMPA";"MIZORAM";"MAMIT";"2018";"Mizoram";"No Comment"
"Lalrobiaka";"INC";"0";"Graduate";"54";"20824443";"1490046";"No";"DAMPA";"MIZORAM";"MAMIT";"2018";"Mizoram";"No Comment"
"Lianzuala";"NPP";"0";"Graduate";"68";"20228841";"0";"No";"DAMPA";"MIZORAM";"MAMIT";"2018";"Mizoram";"No Comment"
"Lalrindika Ralte";"INC";"0";"5th Pass";"43";"119800344";"1269839";"Yes";"HACHHEK";"MIZORAM";"MAMIT";"2018";"Mizoram";"No Comment"
"C Ramkinlova";"NCP";"0";"10th Pass";"63";"10000";"0";"No";"HACHHEK";"MIZORAM";"MAMIT";"2018";"Mizoram";"No Comment"
"Eddy Zosangliana Colney";"PRISM Party";"0";"Graduate";"35";"1025603";"425000";"No";"HACHHEK";"MIZORAM";"MAMIT";"2018";"Mizoram";"No Comment"
"H Lallianzuala";"IND";"0";"Graduate";"40";"1757000";"4100000";"No";"HACHHEK";"MIZORAM";"MAMIT";"2018";"Mizoram";"No Comment"
"J. Lalsailova";"IND";"0";"Graduate";"58";"26130000";"0";"No";"HACHHEK";"MIZORAM";"MAMIT";"2018";"Mizoram";"No Comment"
"Lalrinenga Sailo";"MNF";"0";"8th Pass";"54";"1007010959";"0";"No";"HACHHEK";"MIZORAM";"MAMIT";"2018";"Mizoram";"No Comment"
"Lalzenghak";"IND";"0";"Post Graduate";"45";"2830000";"0";"No";"HACHHEK";"MIZORAM";"MAMIT";"2018";"Mizoram";"No Comment"
"Vanlalruata Pachuau";"BJP";"0";"Graduate";"38";"20968248";"2034242";"No";"HACHHEK";"MIZORAM";"MAMIT";"2018";"Mizoram";"No Comment"
"H. Lalzirliana";"MNF";"0";"Graduate Professional";"49";"22050953";"150000";"Yes";"MAMIT";"MIZORAM";"MAMIT";"2018";"Mizoram";"No Comment"
"B.lalhmunzawnga";"IND";"0";"5th Pass";"55";"1060000";"0";"No";"MAMIT";"MIZORAM";"MAMIT";"2018";"Mizoram";"No Comment"
"C.zothansanga";"IND";"0";"Post Graduate";"40";"4314094";"275895";"No";"MAMIT";"MIZORAM";"MAMIT";"2018";"Mizoram";"No Comment"
"John Rotluangliana";"INC";"0";"Graduate";"60";"83088667";"906870";"No";"MAMIT";"MIZORAM";"MAMIT";"2018";"Mizoram";"No Comment"
"Lalawmpuia Chhangt";"NCP";"0";"12th Pass";"41";"50500";"0";"No";"MAMIT";"MIZORAM";"MAMIT";"2018";"Mizoram";"No Comment"
"Lianzuala";"NPP";"0";"Graduate";"68";"20228840";"0";"No";"MAMIT";"MIZORAM";"MAMIT";"2018";"Mizoram";"No Comment"
"Malsawmtluanga";"BJP";"0";"Graduate";"45";"7465320";"0";"No";"MAMIT";"MIZORAM";"MAMIT";"2018";"Mizoram";"No Comment"
"Kt Rokhaw";"INC";"0";"12th Pass";"54";"12866933";"450000";"Yes";"PALAK";"MIZORAM";"SAIHA";"2018";"Mizoram";"No Comment"
"Hiph";"BJP";"0";"10th Pass";"81";"19964854";"731100";"No";"PALAK";"MIZORAM";"SAIHA";"2018";"Mizoram";"No Comment"
"M Chakhu";"MNF";"0";"Post Graduate";"40";"2678643";"0";"No";"PALAK";"MIZORAM";"SAIHA";"2018";"Mizoram";"No Comment"
"S Sathlu";"IND";"0";"8th Pass";"58";"512000";"130000";"No";"PALAK";"MIZORAM";"SAIHA";"2018";"Mizoram";"No Comment"
"Dr K Beichhua";"MNF";"0";"Graduate Professional";"52";"31377608";"709680";"Yes";"SAIHA";"MIZORAM";"SAIHA";"2018";"Mizoram";"No Comment"
"F Thangchhuaha";"IND";"0";"8th Pass";"69";"249001";"0";"No";"SAIHA";"MIZORAM";"SAIHA";"2018";"Mizoram";"No Comment"
"S Hiato";"INC";"0";"Graduate";"76";"42304362";"4415316";"No";"SAIHA";"MIZORAM";"SAIHA";"2018";"Mizoram";"No Comment"
"S Vadyu";"BJP";"0";"Post Graduate";"77";"26696513";"500000";"No";"SAIHA";"MIZORAM";"SAIHA";"2018";"Mizoram";"No Comment"
"Lalchamliana";"MNF";"0";"Post Graduate";"63";"11002593";"0";"Yes";"HRANGTURZO";"MIZORAM";"SERCHHIP";"2018";"Mizoram";"No Comment"
"K.sangzuala";"BJP";"0";"Graduate";"61";"5060000";"0";"No";"HRANGTURZO";"MIZORAM";"SERCHHIP";"2018";"Mizoram";"No Comment"
"Lalawmpuia Renthl";"IND";"0";"12th Pass";"41";"500000";"0";"No";"HRANGTURZO";"MIZORAM";"SERCHHIP";"2018";"Mizoram";"No Comment"
"Lalthansanga";"IND";"0";"12th Pass";"55";"23714896";"0";"No";"HRANGTURZO";"MIZORAM";"SERCHHIP";"2018";"Mizoram";"No Comment"
"Rl Liantluanga";"PRISM Party";"0";"Graduate";"35";"1377275";"1259827";"No";"HRANGTURZO";"MIZORAM";"SERCHHIP";"2018";"Mizoram";"No Comment"
"Vanlalawmpuii Chawngthu";"INC";"0";"Post Graduate";"39";"4784248";"891750";"No";"HRANGTURZO";"MIZORAM";"SERCHHIP";"2018";"Mizoram";"No Comment"
"Lalduhoma";"IND";"0";"Graduate";"69";"21345074";"504535";"Yes";"SERCHHIP";"MIZORAM";"SERCHHIP";"2018";"Mizoram";"No Comment"
"C Lalramzauva";"MNF";"0";"Post Graduate";"57";"123725082";"2873058";"No";"SERCHHIP";"MIZORAM";"SERCHHIP";"2018";"Mizoram";"No Comment"
"Kapliana Pachuau";"NPP";"0";"10th Pass";"40";"2638338";"0";"No";"SERCHHIP";"MIZORAM";"SERCHHIP";"2018";"Mizoram";"No Comment"
"Lal Thanhawla";"INC";" 1";"Graduate";"80";"122019747";"4973066";"No";"SERCHHIP";"MIZORAM";"SERCHHIP";"2018";"Mizoram";"No Comment"
"Lalchunglura";"BJP";"0";"Graduate Professional";"57";"5981767";"1474259";"No";"SERCHHIP";"MIZORAM";"SERCHHIP";"2018";"Mizoram";"No Comment"
"Vanlalruata";"PRISM Party";"0";"Graduate";"43";"787714";"163554";"No";"SERCHHIP";"MIZORAM";"SERCHHIP";"2018";"Mizoram";"No Comment"
"Zaichhawna Hlawndo";"IND";"0";"Doctorate";"55";"13843394";"0";"No";"SERCHHIP";"MIZORAM";"SERCHHIP";"2018";"Mizoram";"No Comment"
"Lalduhoma";"Zoram Peoples Movement";"0";"Graduate";"71";"23792768";"2631635";"Yes";"SERCHHIP";"MIZORAM";"SERCHHIP";"2018";"Mizoram";"BYE ELECTION ON 17-04-2021"
"Lalhriatrenga Chhangt";"BJP";"0";"Graduate Professional";"56";"13260750";"2200000";"No";"SERCHHIP";"MIZORAM";"SERCHHIP";"2018";"Mizoram";"BYE ELECTION ON 17-04-2021"
"P.c. Laltlansanga";"INC";"0";"Post Graduate";"48";"22680425";"0";"No";"SERCHHIP";"MIZORAM";"SERCHHIP";"2018";"Mizoram";"BYE ELECTION ON 17-04-2021"
"Ramhlun-edena";"IND";"0";"Graduate Professional";"50";"9039";"0";"No";"SERCHHIP";"MIZORAM";"SERCHHIP";"2018";"Mizoram";"BYE ELECTION ON 17-04-2021"
"Vanlalruata";"Mizoram Peoples Conference";"0";"Graduate";"45";"897804";"460000";"No";"SERCHHIP";"MIZORAM";"SERCHHIP";"2018";"Mizoram";"BYE ELECTION ON 17-04-2021"
"Vanlalzawma";"MNF";"0";"Post Graduate";"65";"46168294";"408801";"No";"SERCHHIP";"MIZORAM";"SERCHHIP";"2018";"Mizoram";"BYE ELECTION ON 17-04-2021"
"Er. Lalrinawma";"MNF";"0";"Graduate Professional";"45";"9053842";"964361";"Yes";"TUIKUM";"MIZORAM";"SERCHHIP";"2018";"Mizoram";"No Comment"
"Lalnunmawia Chhakchhuak";"BJP";"0";"Graduate";"40";"107100";"0";"No";"TUIKUM";"MIZORAM";"SERCHHIP";"2018";"Mizoram";"No Comment"
"Lalruatfeli Hlawndo";"IND";"0";"Graduate";"26";"20000";"0";"No";"TUIKUM";"MIZORAM";"SERCHHIP";"2018";"Mizoram";"No Comment"
"P.c. Vanlalruata";"IND";"0";"Post Graduate";"45";"4302906";"6841657";"No";"TUIKUM";"MIZORAM";"SERCHHIP";"2018";"Mizoram";"No Comment"
"Rc Rohmingthanga";"PRISM Party";"0";"Graduate";"65";"22024298";"741032";"No";"TUIKUM";"MIZORAM";"SERCHHIP";"2018";"Mizoram";"No Comment"
"Sangzela Tlau";"INC";"0";"Others";"55";"34206000";"3400000";"No";"TUIKUM";"MIZORAM";"SERCHHIP";"2018";"Mizoram";"No Comment"
"R. Lalrinawma";"INC";"0";"Post Graduate";"51";"7932924";"1148515";"Yes";"AIZAWL EAST - 1";"MIZORAM";"AIZAWL";"2013";"Mizoram";"No Comment"
"Lalhmangaiha Sailo";"MPC";"0";"Post Graduate";"63";"20110215";"0";"No";"AIZAWL EAST - 1";"MIZORAM";"AIZAWL";"2013";"Mizoram";"No Comment"
"Thangchungnunga";"BJP";"0";"Graduate";"38";"540000";"0";"No";"AIZAWL EAST - 1";"MIZORAM";"AIZAWL";"2013";"Mizoram";"No Comment"
"Zarzoliana";"ZNP";"0";"12th Pass";"60";"7000950";"1675000";"No";"AIZAWL EAST - 1";"MIZORAM";"AIZAWL";"2013";"Mizoram";"No Comment"
"Lalsawta";"INC";"0";"Post Graduate";"67";"10466681";"854837";"Yes";"AIZAWL EAST - 2";"MIZORAM";"AIZAWL";"2013";"Mizoram";"No Comment"
"K. Laltuvela";"ZNP";"0";"12th Pass";"61";"7947353";"0";"No";"AIZAWL EAST - 2";"MIZORAM";"AIZAWL";"2013";"Mizoram";"No Comment"
"Sailothanga Sailo";"MNF";"0";"Graduate";"65";"12850000";"0";"No";"AIZAWL EAST - 2";"MIZORAM";"AIZAWL";"2013";"Mizoram";"No Comment"
"Lalthanliana";"MPC";"0";"Post Graduate";"54";"32745000";"2420362";"Yes";"AIZAWL NORTH - 2";"MIZORAM";"AIZAWL";"2013";"Mizoram";"No Comment"
"C Lalnunz";"BJP";"0";"10th Pass";"51";"11000";"0";"No";"AIZAWL NORTH - 2";"MIZORAM";"AIZAWL";"2013";"Mizoram";"No Comment"
"H. Liansailova";"INC";"0";"Post Graduate";"70";"8285423";"0";"No";"AIZAWL NORTH - 2";"MIZORAM";"AIZAWL";"2013";"Mizoram";"No Comment"
"Lalchhanhima Pautu";"ZNP";"0";"Graduate";"55";"9780000";"0";"No";"AIZAWL NORTH - 2";"MIZORAM";"AIZAWL";"2013";"Mizoram";"No Comment"
"Lal Thanzara";"INC";"0";"Post Graduate";"64";"28007534";"1000000";"Yes";"AIZAWL NORTH - 3";"MIZORAM";"AIZAWL";"2013";"Mizoram";"No Comment"
"Biakmawia";"BJP";"0";"8th Pass";"45";"10584";"0";"No";"AIZAWL NORTH - 3";"MIZORAM";"AIZAWL";"2013";"Mizoram";"No Comment"
"Lalchhandama Ralt";"MNF";"0";"Post Graduate";"41";"13860000";"530000";"No";"AIZAWL NORTH - 3";"MIZORAM";"AIZAWL";"2013";"Mizoram";"No Comment"
"R. K. Daniela";"ZNP";"0";"Graduate";"61";"14813080";"0";"No";"AIZAWL NORTH - 3";"MIZORAM";"AIZAWL";"2013";"Mizoram";"No Comment"
"Lal Thanzara";"INC";"0";"Post Graduate";"66";"11773796";"1000000";"Yes";"AIZAWL NORTH - 3";"MIZORAM";"AIZAWL";"2013";"Mizoram";"BYE- ELECTION ON 21-11-2015"
"K. Vanlalvena";"MNF";"0";"Graduate";"45";"4804191";"800000";"No";"AIZAWL NORTH - 3";"MIZORAM";"AIZAWL";"2013";"Mizoram";"BYE- ELECTION ON 21-11-2015"
"Lalduhoma";"ZNP";"0";"Graduate";"66";"17393649";"0";"No";"AIZAWL NORTH - 3";"MIZORAM";"AIZAWL";"2013";"Mizoram";"BYE- ELECTION ON 21-11-2015"
"R. Romawia";"INC";"0";"Post Graduate";"66";"33648170";"2471746";"Yes";"AIZAWL NORTH -1";"MIZORAM";"AIZAWL";"2013";"Mizoram";"No Comment"
"C. Lalmalsawma";"ZNP";"0";"Post Graduate";"41";"10412965";"3602309";"No";"AIZAWL NORTH -1";"MIZORAM";"AIZAWL";"2013";"Mizoram";"No Comment"
"David Lalfakzuala";"BJP";"0";"12th Pass";"37";"10522500";"0";"No";"AIZAWL NORTH -1";"MIZORAM";"AIZAWL";"2013";"Mizoram";"No Comment"
"Vanlalhlana";"MPC";"0";"Post Graduate";"54";"17700000";"500000";"No";"AIZAWL NORTH -1";"MIZORAM";"AIZAWL";"2013";"Mizoram";"No Comment"
"R. Vanlalvena";"INC";"0";"Graduate";"48";"2903257";"700000";"Yes";"AIZAWL SOUTH - 1";"MIZORAM";"AIZAWL";"2013";"Mizoram";"No Comment"
"K Liantlinga";"ZNP";"0";"12th Pass";"60";"30090170";"830000";"No";"AIZAWL SOUTH - 1";"MIZORAM";"AIZAWL";"2013";"Mizoram";"No Comment"
"R. K. Lianzuala";"MNF";"0";"Post Graduate";"47";"22383276";"0";"No";"AIZAWL SOUTH - 1";"MIZORAM";"AIZAWL";"2013";"Mizoram";"No Comment"
"Lt. Col. Zosangzuala";"INC";"0";"12th Pass";"70";"15411276";"1148515";"Yes";"AIZAWL SOUTH - 2";"MIZORAM";"AIZAWL";"2013";"Mizoram";"No Comment"
"R. Tlanghmingthanga";"MNF";"0";"12th Pass";"70";"116139500";"0";"No";"AIZAWL SOUTH - 2";"MIZORAM";"AIZAWL";"2013";"Mizoram";"No Comment"
"Rinzawna";"ZNP";"0";"Post Graduate";"63";"121902731";"878815";"No";"AIZAWL SOUTH - 2";"MIZORAM";"AIZAWL";"2013";"Mizoram";"No Comment"
"K. S. Thanga";"INC";"0";"12th Pass";"53";"12250000";"1148515";"Yes";"AIZAWL SOUTH - 3";"MIZORAM";"AIZAWL";"2013";"Mizoram";"No Comment"
"R. Vanlaltluanga";"ZNP";"0";"Graduate";"39";"45880768";"0";"No";"AIZAWL SOUTH - 3";"MIZORAM";"AIZAWL";"2013";"Mizoram";"No Comment"
"Tawnluia";"MNF";"0";"12th Pass";"70";"36100000";"0";"No";"AIZAWL SOUTH - 3";"MIZORAM";"AIZAWL";"2013";"Mizoram";"No Comment"
"K Sangthuama";"MNF";"0";"12th Pass";"68";"255785022";"6489337";"Yes";"AIZAWL WEST - 1";"MIZORAM";"AIZAWL";"2013";"Mizoram";"No Comment"
"Kapmawia Ralt";"BJP";"0";"12th Pass";"33";"10481";"0";"No";"AIZAWL WEST - 1";"MIZORAM";"AIZAWL";"2013";"Mizoram";"No Comment"
"Lalduhoma";"ZNP";"0";"Graduate";"64";"17090000";"0";"No";"AIZAWL WEST - 1";"MIZORAM";"AIZAWL";"2013";"Mizoram";"No Comment"
"Tlangthanmaw";"INC";"0";"10th Pass";"64";"27674074";"0";"No";"AIZAWL WEST - 1";"MIZORAM";"AIZAWL";"2013";"Mizoram";"No Comment"
"Lalruatkima";"MNF";"0";"Graduate";"41";"33672689";"3674949";"Yes";"AIZAWL WEST - 2";"MIZORAM";"AIZAWL";"2013";"Mizoram";"No Comment"
"C. Ropianga";"ZNP";"0";"Graduate Professional";"64";"9170407";"0";"No";"AIZAWL WEST - 2";"MIZORAM";"AIZAWL";"2013";"Mizoram";"No Comment"
"Dr. Lalmalsawma Nghaka";"INC";"0";"Graduate Professional";"31";"39527260";"9000000";"No";"AIZAWL WEST - 2";"MIZORAM";"AIZAWL";"2013";"Mizoram";"No Comment"
"Vanlalzawma";"MNF";"0";"Post Graduate";"58";"19976912";"0";"Yes";"AIZAWL WEST - 3";"MIZORAM";"AIZAWL";"2013";"Mizoram";"No Comment"
"Dr. C. T. Tluanga";"ZNP";"0";"Graduate Professional";"65";"8045817";"0";"No";"AIZAWL WEST - 3";"MIZORAM";"AIZAWL";"2013";"Mizoram";"No Comment"
"R. Selthuama";"INC";"0";"Graduate";"69";"6490000";"0";"No";"AIZAWL WEST - 3";"MIZORAM";"AIZAWL";"2013";"Mizoram";"No Comment"
"Dr. Ngurdingliana";"INC";"0";"Doctorate";"47";"9057272";"1255890";"Yes";"CHALFILH";"MIZORAM";"AIZAWL";"2013";"Mizoram";"No Comment"
"J. Lalchhanhima";"ZNP";"0";"10th Pass";"51";"5567314";"75814";"No";"CHALFILH";"MIZORAM";"AIZAWL";"2013";"Mizoram";"No Comment"
"L. T. Kima Fana";"MPC";"0";"12th Pass";"53";"39600000";"0";"No";"CHALFILH";"MIZORAM";"AIZAWL";"2013";"Mizoram";"No Comment"
"R. Lalzirliana";"INC";"0";"10th Pass";"64";"64815000";"1755890";"Yes";"TAWI";"MIZORAM";"AIZAWL";"2013";"Mizoram";"No Comment"
"Lalmalsawm";"MNF";"0";"Graduate";"43";"16101000";"0";"No";"TAWI";"MIZORAM";"AIZAWL";"2013";"Mizoram";"No Comment"
"R. Lalthatluanga";"ZNP";"0";"Graduate";"49";"5887355";"158600";"No";"TAWI";"MIZORAM";"AIZAWL";"2013";"Mizoram";"No Comment"
"R. L. Pianmawia";"INC";"0";"12th Pass";"56";"3643500";"1155254";"Yes";"TUIVAWL";"MIZORAM";"AIZAWL";"2013";"Mizoram";"No Comment"
"C. Ramkinlova";"BJP";"0";"12th Pass";"58";"22100";"0";"No";"TUIVAWL";"MIZORAM";"AIZAWL";"2013";"Mizoram";"No Comment"
"Gogo Lalremtluanga";"MNF";"0";"Graduate";"37";"22810120";"10231936";"No";"TUIVAWL";"MIZORAM";"AIZAWL";"2013";"Mizoram";"No Comment"
"Lalmuanpuia Punt";"ZNP";"0";"Graduate";"46";"36289";"0";"No";"TUIVAWL";"MIZORAM";"AIZAWL";"2013";"Mizoram";"No Comment"
"Tt Zothansanga";"INC";"0";"Graduate Professional";"49";"16090000";"1187712";"Yes";"CHAMPHAI NORTH";"MIZORAM";"CHAMPHAI";"2013";"Mizoram";"No Comment"
"C .Roliana";"BJP";"0";"5th Pass";"61";"1805380";"0";"No";"CHAMPHAI NORTH";"MIZORAM";"CHAMPHAI";"2013";"Mizoram";"No Comment"
"C Lalremliana";"ZNP";"0";"Graduate";"53";"2114679";"233364";"No";"CHAMPHAI NORTH";"MIZORAM";"CHAMPHAI";"2013";"Mizoram";"No Comment"
"Tc Kaphmingthanga";"MNF";"0";"Graduate";"34";"9715500";"0";"No";"CHAMPHAI NORTH";"MIZORAM";"CHAMPHAI";"2013";"Mizoram";"No Comment"
"Jh.Rothuama";"INC";"0";"Graduate";"74";"10859479";"0";"Yes";"CHAMPHAI SOUTH";"MIZORAM";"CHAMPHAI";"2013";"Mizoram";"No Comment"
"B Sangkhum";"IND";"0";"Post Graduate";"65";"36603036";"0";"No";"CHAMPHAI SOUTH";"MIZORAM";"CHAMPHAI";"2013";"Mizoram";"No Comment"
"Rosiamngheta";"MPC";"0";"Graduate Professional";"49";"19421269";"95000";"No";"CHAMPHAI SOUTH";"MIZORAM";"CHAMPHAI";"2013";"Mizoram";"No Comment"
"Vanlalneiha Ralt";"ZNP";"0";"Graduate Professional";"39";"15746911";"0";"No";"CHAMPHAI SOUTH";"MIZORAM";"CHAMPHAI";"2013";"Mizoram";"No Comment"
"T Sangkunga";"INC";"0";"Graduate";"60";"13785386";"0";"Yes";"EAST TUIPUI";"MIZORAM";"CHAMPHAI";"2013";"Mizoram";"No Comment"
"Lalrawna";"BJP";"0";"8th Pass";"48";"550000";"0";"No";"EAST TUIPUI";"MIZORAM";"CHAMPHAI";"2013";"Mizoram";"No Comment"
".Chhuanawma";"ZNP";"0";"12th Pass";"53";"24193825";"0";"No";"EAST TUIPUI";"MIZORAM";"CHAMPHAI";"2013";"Mizoram";"No Comment"
"Zoramthanga";"MNF";" 1";"Graduate";"69";"21812383";"0";"No";"EAST TUIPUI";"MIZORAM";"CHAMPHAI";"2013";"Mizoram";"No Comment"
"H. Rohluna";"INC";"0";"Post Graduate";"53";"5756685";"124443";"Yes";"LENGTENG";"MIZORAM";"CHAMPHAI";"2013";"Mizoram";"No Comment"
"H.Ginzalala";"ZNP";"0";"Post Graduate";"40";"30572564";"1425508";"No";"LENGTENG";"MIZORAM";"CHAMPHAI";"2013";"Mizoram";"No Comment"
"L Thangmawia";"MNF";"0";"Post Graduate";"39";"10279457";"2664499";"No";"LENGTENG";"MIZORAM";"CHAMPHAI";"2013";"Mizoram";"No Comment"
"Zoramchha";"BJP";"0";"8th Pass";"43";"3800";"0";"No";"LENGTENG";"MIZORAM";"CHAMPHAI";"2013";"Mizoram";"No Comment"
"Lalrinliana Sailo";"INC";"0";"Graduate";"54";"3601219";"22941";"Yes";"TUICHANG";"MIZORAM";"CHAMPHAI";"2013";"Mizoram";"No Comment"
"Dr. H Lallungmuana";"MNF";"0";"Doctorate";"64";"9796161";"0";"No";"TUICHANG";"MIZORAM";"CHAMPHAI";"2013";"Mizoram";"No Comment"
"Lalbiakzama";"ZNP";"0";"Graduate";"48";"13365000";"0";"No";"TUICHANG";"MIZORAM";"CHAMPHAI";"2013";"Mizoram";"No Comment"
"P.C. Zoram Sangliana";"INC";"0";"12th Pass";"57";"38568562";"1148515";"Yes";"KOLASIB";"MIZORAM";"KOLASIB";"2013";"Mizoram";"No Comment"
"Lalchamliana";"MNF";"0";"Post Graduate";"58";"7650000";"257272";"No";"KOLASIB";"MIZORAM";"KOLASIB";"2013";"Mizoram";"No Comment"
"Lalduhoma";"ZNP";"0";"Graduate";"64";"17090000";"0";"No";"KOLASIB";"MIZORAM";"KOLASIB";"2013";"Mizoram";"No Comment"
"Ramfangzauv";"BJP";"0";"8th Pass";"55";"400000";"0";"No";"KOLASIB";"MIZORAM";"KOLASIB";"2013";"Mizoram";"No Comment"
"K. Lalrinthanga";"INC";"0";"Graduate";"56";"26978593";"2212894";"Yes";"SERLUI";"MIZORAM";"KOLASIB";"2013";"Mizoram";"No Comment"
"H.A. Dawngliana";"BJP";"0";"Graduate";"51";"540000";"0";"No";"SERLUI";"MIZORAM";"KOLASIB";"2013";"Mizoram";"No Comment"
"Lalhmingliana";"MNF";"0";"Graduate";"57";"30859323";"100000";"No";"SERLUI";"MIZORAM";"KOLASIB";"2013";"Mizoram";"No Comment"
"R. Lalawia";"ZNP";"0";"10th Pass";"72";"686965000";"0";"No";"SERLUI";"MIZORAM";"KOLASIB";"2013";"Mizoram";"No Comment"
"Hmingdailova Khiangte";"INC";"0";"Graduate";"68";"56055613";"10005146";"Yes";"TUIRIAL";"MIZORAM";"KOLASIB";"2013";"Mizoram";"No Comment"
"Dr. Kenneth Chawngliana";"MPC";"0";"Doctorate";"67";"13993000";"0";"No";"TUIRIAL";"MIZORAM";"KOLASIB";"2013";"Mizoram";"No Comment"
"Joseph L. Ralt";"ZNP";"0";"12th Pass";"45";"14930000";"4100000";"No";"TUIRIAL";"MIZORAM";"KOLASIB";"2013";"Mizoram";"No Comment"
"H Zothangliana";"INC";"0";"Post Graduate";"44";"11610000";"2150000";"Yes";"LAWNGTLAI EAST";"MIZORAM";"LAWNGTLAI";"2013";"Mizoram";"No Comment"
"F. Sangdawna";"ZNP";"0";"Graduate";"63";"4819594";"0";"No";"LAWNGTLAI EAST";"MIZORAM";"LAWNGTLAI";"2013";"Mizoram";"No Comment"
"Vanupa Zathang";"MNF";"0";"Post Graduate";"60";"5740000";"0";"No";"LAWNGTLAI EAST";"MIZORAM";"LAWNGTLAI";"2013";"Mizoram";"No Comment"
"C. Ngunlianchunga";"INC";"0";"8th Pass";"53";"59209873";"1430000";"Yes";"LAWNGTLAI WEST";"MIZORAM";"LAWNGTLAI";"2013";"Mizoram";"No Comment"
"C.Ramhluna";"MNF";"0";"Post Graduate";"58";"52970000";"1148515";"No";"LAWNGTLAI WEST";"MIZORAM";"LAWNGTLAI";"2013";"Mizoram";"No Comment"
"Mc.Lalramchhana";"ZNP";"0";"Graduate";"35";"110000";"0";"No";"LAWNGTLAI WEST";"MIZORAM";"LAWNGTLAI";"2013";"Mizoram";"No Comment"
"Buddha Dhan Chakma";"INC";"0";"Graduate Professional";"40";"16930396";"0";"Yes";"TUICHAWNG";"MIZORAM";"LAWNGTLAI";"2013";"Mizoram";"No Comment"
"Rasik Mohan Chakma";"MNF";" 2";"Graduate";"48";"9580000";"0";"No";"TUICHAWNG";"MIZORAM";"LAWNGTLAI";"2013";"Mizoram";"No Comment"
"Victor Talukda";"BJP";"0";"Graduate";"29";"170000";"0";"No";"TUICHAWNG";"MIZORAM";"LAWNGTLAI";"2013";"Mizoram";"No Comment"
"Joseph Lalhimpuia";"INC";"0";"Post Graduate";"39";"16918197";"2639024";"Yes";"LUNGLEI EAST";"MIZORAM";"LUNGLEI";"2013";"Mizoram";"No Comment"
"Lalrinzuala";"MPC";"0";"12th Pass";"58";"22400000";"30000";"No";"LUNGLEI EAST";"MIZORAM";"LUNGLEI";"2013";"Mizoram";"No Comment"
"Pc. Lalduhthlanga";"ZNP";"0";"8th Pass";"58";"16430000";"1000000";"No";"LUNGLEI EAST";"MIZORAM";"LUNGLEI";"2013";"Mizoram";"No Comment"
"P.C. Lalthanliana";"INC";"0";"Graduate";"50";"12350866";"1874016";"Yes";"LUNGLEI NORTH";"MIZORAM";"LUNGLEI";"2013";"Mizoram";"No Comment"
"Dr. K. Vanlallawma";"MNF";"0";"Graduate Professional";"56";"10127930";"871608";"No";"LUNGLEI NORTH";"MIZORAM";"LUNGLEI";"2013";"Mizoram";"No Comment"
"Rd Lalrammawia";"ZNP";"0";"Post Graduate";"39";"515000";"0";"No";"LUNGLEI NORTH";"MIZORAM";"LUNGLEI";"2013";"Mizoram";"No Comment"
"S. L. Sailova";"IND";"0";"Post Graduate";"39";"9569358";"0";"No";"LUNGLEI NORTH";"MIZORAM";"LUNGLEI";"2013";"Mizoram";"No Comment"
"S. Laldingliana";"INC";"0";"Post Graduate";"59";"9894121";"800000";"Yes";"LUNGLEI SOUTH";"MIZORAM";"LUNGLEI";"2013";"Mizoram";"No Comment"
"Dr. Aichhunga";"ZNP";"0";"Graduate Professional";"54";"350000";"0";"No";"LUNGLEI SOUTH";"MIZORAM";"LUNGLEI";"2013";"Mizoram";"No Comment"
"Dr. K Pachhunga";"MNF";"0";"Doctorate";"45";"9471700";"0";"No";"LUNGLEI SOUTH";"MIZORAM";"LUNGLEI";"2013";"Mizoram";"No Comment"
"Chalrosanga Ralte";"INC";"0";"Graduate";"39";"28264256";"26000000";"Yes";"LUNGLEI WEST";"MIZORAM";"LUNGLEI";"2013";"Mizoram";"No Comment"
"Dr. R. Lalthangliana";"MNF";"0";"Doctorate";"57";"41862469";"2665890";"No";"LUNGLEI WEST";"MIZORAM";"LUNGLEI";"2013";"Mizoram";"No Comment"
"R. Lalramzauva";"ZNP";"0";"Post Graduate";"37";"5880907";"0";"No";"LUNGLEI WEST";"MIZORAM";"LUNGLEI";"2013";"Mizoram";"No Comment"
"John Siamkunga";"INC";"0";"Post Graduate";"52";"9347469";"1148515";"Yes";"SOUTH TUIPUI";"MIZORAM";"LUNGLEI";"2013";"Mizoram";"No Comment"
"J. Lalchhuana";"ZNP";"0";"10th Pass";"63";"19152193";"0";"No";"SOUTH TUIPUI";"MIZORAM";"LUNGLEI";"2013";"Mizoram";"No Comment"
"Pc. Remthanga";"BJP";"0";"8th Pass";"56";"30000";"0";"No";"SOUTH TUIPUI";"MIZORAM";"LUNGLEI";"2013";"Mizoram";"No Comment"
"Z.H. Ropuia";"MNF";"0";"Graduate";"54";"22020300";"600000";"No";"SOUTH TUIPUI";"MIZORAM";"LUNGLEI";"2013";"Mizoram";"No Comment"
"Zodintluanga";"INC";"0";"12th Pass";"51";"30775302";"1255890";"Yes";"THORANG";"MIZORAM";"LUNGLEI";"2013";"Mizoram";"No Comment"
"Elis Lungtiawia";"ZNP";"0";"12th Pass";"36";"446845";"0";"No";"THORANG";"MIZORAM";"LUNGLEI";"2013";"Mizoram";"No Comment"
"Joseph Lalzawmliana";"MNF";"0";"Graduate";"40";"1012742";"245617";"No";"THORANG";"MIZORAM";"LUNGLEI";"2013";"Mizoram";"No Comment"
"Nihar Kanti Chakma";"INC";"0";"Graduate Professional";"44";"10073026";"715045";"Yes";"WEST TUIPUI";"MIZORAM";"LUNGLEI";"2013";"Mizoram";"No Comment"
"Lalrinpuia";"ZNP";"0";"12th Pass";"49";"32000";"0";"No";"WEST TUIPUI";"MIZORAM";"LUNGLEI";"2013";"Mizoram";"No Comment"
"Priti Ranjan Chakma";"MNF";"0";"Graduate";"36";"2223750";"0";"No";"WEST TUIPUI";"MIZORAM";"LUNGLEI";"2013";"Mizoram";"No Comment"
"Zoremsiama";"BJP";"0";"10th Pass";"33";"641000";"0";"No";"WEST TUIPUI";"MIZORAM";"LUNGLEI";"2013";"Mizoram";"No Comment"
"Lalrobiaka";"INC";"0";"Graduate";"49";"14001758";"2005985";"Yes";"DAMPA";"MIZORAM";"MAMIT";"2013";"Mizoram";"No Comment"
"Lalrimawia";"ZNP";"0";"Graduate";"48";"1215000";"0";"No";"DAMPA";"MIZORAM";"MAMIT";"2013";"Mizoram";"No Comment"
"Liansuama";"MNF";"0";"Graduate";"65";"7886482";"300000";"No";"DAMPA";"MIZORAM";"MAMIT";"2013";"Mizoram";"No Comment"
"R. Laltawnliana";"BJP";"0";"8th Pass";"53";"5600";"0";"No";"DAMPA";"MIZORAM";"MAMIT";"2013";"Mizoram";"No Comment"
"Lalrin Mawia Ralte";"INC";"0";"Graduate";"50";"8696627";"2626707";"Yes";"HACHHEK";"MIZORAM";"MAMIT";"2013";"Mizoram";"No Comment"
"Lalhmingthanga";"NCP";"0";"Graduate";"30";"601500";"0";"No";"HACHHEK";"MIZORAM";"MAMIT";"2013";"Mizoram";"No Comment"
"Lalzamlova Tochhawng";"ZNP";"0";"Graduate";"38";"100000";"80000";"No";"HACHHEK";"MIZORAM";"MAMIT";"2013";"Mizoram";"No Comment"
"Pazawna";"BJP";"0";"8th Pass";"27";"20000";"0";"No";"HACHHEK";"MIZORAM";"MAMIT";"2013";"Mizoram";"No Comment"
"Saikapthianga";"MNF";"0";"Graduate";"59";"7363406";"0";"No";"HACHHEK";"MIZORAM";"MAMIT";"2013";"Mizoram";"No Comment"
"John Rotluangliana";"INC";"0";"Graduate";"50";"64411000";"2989340";"Yes";"MAMIT";"MIZORAM";"MAMIT";"2013";"Mizoram";"No Comment"
"Biakthuama Molshoy";"NCP";"0";"Graduate";"35";"970000";"0";"No";"MAMIT";"MIZORAM";"MAMIT";"2013";"Mizoram";"No Comment"
"C. Darlianthanga";"BJP";"0";"Graduate";"62";"1803800";"0";"No";"MAMIT";"MIZORAM";"MAMIT";"2013";"Mizoram";"No Comment"
"H. Laltanpuia";"ZNP";" 1";"Graduate Professional";"37";"24407782";"0";"No";"MAMIT";"MIZORAM";"MAMIT";"2013";"Mizoram";"No Comment"
"H.B. Lianmunga";"MNF";"0";"12th Pass";"51";"10981767";"0";"No";"MAMIT";"MIZORAM";"MAMIT";"2013";"Mizoram";"No Comment"
"Hiphei";"INC";"0";"10th Pass";"73";"41870000";"0";"Yes";"PALAK";"MIZORAM";"SAIHA";"2013";"Mizoram";"No Comment"
"Pp. Thawla";"MDF";"0";"Graduate Professional";"63";"7429000";"3500000";"No";"PALAK";"MIZORAM";"SAIHA";"2013";"Mizoram";"No Comment"
"Dr. K. Beichhua";"MNF";"0";"Graduate Professional";"48";"13729000";"1000000";"Yes";"SAIHA";"MIZORAM";"SAIHA";"2013";"Mizoram";"No Comment"
"F. Lalhmachhuana";"ZNP";"0";"Graduate";"52";"1095000";"0";"No";"SAIHA";"MIZORAM";"SAIHA";"2013";"Mizoram";"No Comment"
"S. Hiato";"INC";"0";"Graduate";"61";"34518311";"100000";"No";"SAIHA";"MIZORAM";"SAIHA";"2013";"Mizoram";"No Comment"
"Lal Thanhawla";"INC";"0";"Graduate";"71";"91545981";"1412827";"Yes";"HRANGTURZO";"MIZORAM";"SERCHHIP";"2013";"Mizoram";"No Comment"
"F. Remkhuma";"Jai Maha Bharath  Party";"0";"12th Pass";"46";"50000";"350000";"No";"HRANGTURZO";"MIZORAM";"SERCHHIP";"2013";"Mizoram";"No Comment"
"H. Lalduhawma";"ZNP";"0";"Others";"56";"7673611";"0";"No";"HRANGTURZO";"MIZORAM";"SERCHHIP";"2013";"Mizoram";"No Comment"
"Lalawmpuia Renthl";"IND";"0";"10th Pass";"36";"65000";"36593";"No";"HRANGTURZO";"MIZORAM";"SERCHHIP";"2013";"Mizoram";"No Comment"
"Lalthansanga";"MPC";"0";"12th Pass";"50";"20025541";"287853";"No";"HRANGTURZO";"MIZORAM";"SERCHHIP";"2013";"Mizoram";"No Comment"
"Vanlalawmpuii Chawngthu";"INC";"0";"Post Graduate";"34";"3100000";"0";"Yes";"HRANGTURZO";"MIZORAM";"SERCHHIP";"2013";"Mizoram";"BYE- ELECTION ON 11-04-2014"
"H. Lalduhawma";"IND";"0";"12th Pass";"57";"7973611";"0";"No";"HRANGTURZO";"MIZORAM";"SERCHHIP";"2013";"Mizoram";"BYE- ELECTION ON 11-04-2014"
"Lal Thanhawla";"INC";"0";"Graduate";"71";"91545980";"1412827";"Yes";"SERCHHIP";"MIZORAM";"SERCHHIP";"2013";"Mizoram";"No Comment"
"C. Lalramzauva";"MNF";"0";"Post Graduate";"52";"97306288";"0";"No";"SERCHHIP";"MIZORAM";"SERCHHIP";"2013";"Mizoram";"No Comment"
"Lalawmpuia Renthl";"IND";"0";"10th Pass";"36";"65000";"36593";"No";"SERCHHIP";"MIZORAM";"SERCHHIP";"2013";"Mizoram";"No Comment"
"P.B. Lalsawmliana";"ZNP";"0";"12th Pass";"40";"801426";"0";"No";"SERCHHIP";"MIZORAM";"SERCHHIP";"2013";"Mizoram";"No Comment"
"Er. Lalrinawma";"MNF";"0";"Graduate Professional";"40";"7093974";"29378";"Yes";"TUIKUM";"MIZORAM";"SERCHHIP";"2013";"Mizoram";"No Comment"
"K. Lianzuala";"INC";"0";"Post Graduate";"58";"29913399";"1084117";"No";"TUIKUM";"MIZORAM";"SERCHHIP";"2013";"Mizoram";"No Comment"
"P.C. Vanlalruata";"ZNP";"0";"Post Graduate";"40";"9128225";"0";"No";"TUIKUM";"MIZORAM";"SERCHHIP";"2013";"Mizoram";"No Comment"
"R.LALRINAWMA";"INC";"0";"Post Graduate";"46";"2854868";"0";"Yes";"AIZAWL EAST-I";"MIZORAM";"AIZAWL";"2008";"Mizoram";"No Comment"
"F.MALSAWMA";"MNF";"0";"Post Graduate";"56";"21055000";"457196";"No";"AIZAWL EAST-I";"MIZORAM";"AIZAWL";"2008";"Mizoram";"No Comment"
"J.F.ROTHANGLIANA";"LJP";"0";"8th Pass";"65";"2541403";"0";"No";"AIZAWL EAST-I";"MIZORAM";"AIZAWL";"2008";"Mizoram";"No Comment"
"LALTHAZUALA RAWITE";"IND";"0";"10th Pass";"45";"2059057";"0";"No";"AIZAWL EAST-I";"MIZORAM";"AIZAWL";"2008";"Mizoram";"No Comment"
"RUALPAWLA";"IND";"0";"Graduate";"54";"5015000";"0";"No";"AIZAWL EAST-I";"MIZORAM";"AIZAWL";"2008";"Mizoram";"No Comment"
"SUAKDAILOVA";"NCP";"0";"8th Pass";"62";"60000";"0";"No";"AIZAWL EAST-I";"MIZORAM";"AIZAWL";"2008";"Mizoram";"No Comment"
"ZARZOLIANA";"ZNP";" 1";"10th Pass";"53";"451181";"2100423";"No";"AIZAWL EAST-I";"MIZORAM";"AIZAWL";"2008";"Mizoram";"No Comment"
"LALSAWTA";"INC";"0";"Post Graduate";"60";"2699176";"73511";"Yes";"AIZAWL EAST-II";"MIZORAM";"AIZAWL";"2008";"Mizoram";"No Comment"
"J.F.ROTHANGLIANA";"LJP";"0";"8th Pass";"65";"2541403";"0";"No";"AIZAWL EAST-II";"MIZORAM";"AIZAWL";"2008";"Mizoram";"No Comment"
"V.LAICHHINGA";"MPC";"0";"12th Pass";"65";"10080000";"2750000";"No";"AIZAWL EAST-II";"MIZORAM";"AIZAWL";"2008";"Mizoram";"No Comment"
"R.ROMAWIA";"INC";"0";"Post Graduate";"64";"7831265";"312783";"Yes";"AIZAWL NORTH-I";"MIZORAM";"AIZAWL";"2008";"Mizoram";"No Comment"
"CHAWNGROLIANA";"NCP";"0";"12th Pass";"44";"30000";"0";"No";"AIZAWL NORTH-I";"MIZORAM";"AIZAWL";"2008";"Mizoram";"No Comment"
"DR. LALZAMA";"MNF";"0";"Doctorate";"59";"14189295";"275097";"No";"AIZAWL NORTH-I";"MIZORAM";"AIZAWL";"2008";"Mizoram";"No Comment"
"LALSAILOVA SAILO";"LJP";"0";"Graduate";"32";"0";"0";"No";"AIZAWL NORTH-I";"MIZORAM";"AIZAWL";"2008";"Mizoram";"No Comment"
"M.LALMANZUALA";"IND";"0";"Graduate";"65";"13120000";"0";"No";"AIZAWL NORTH-I";"MIZORAM";"AIZAWL";"2008";"Mizoram";"No Comment"
"VANLALHRUAIA";"ZNP";"0";"Graduate";"71";"4352000";"0";"No";"AIZAWL NORTH-I";"MIZORAM";"AIZAWL";"2008";"Mizoram";"No Comment"
"C.LALNUNZIRI";"BJP";"0";"8th Pass";"47";"115000";"0";"No";"AIZAWL NORTH-II";"MIZORAM";"AIZAWL";"2008";"Mizoram";"No Comment"
"GABRIEL LALRUATHLUA";"LJP";"0";"Graduate";"28";"0";"0";"No";"AIZAWL NORTH-II";"MIZORAM";"AIZAWL";"2008";"Mizoram";"No Comment"
"LALCHAMLIANA";"MNF";"0";"Post Graduate";"56";"2246453";"500000";"No";"AIZAWL NORTH-II";"MIZORAM";"AIZAWL";"2008";"Mizoram";"No Comment"
"LALTHANLIANA";"MPC";"0";"Post Graduate";"49";"1504000";"737063";"No";"AIZAWL NORTH-II";"MIZORAM";"AIZAWL";"2008";"Mizoram";"No Comment"
"LAL THANZARA";"INC";"0";"Post Graduate";"57";"16583202";"0";"Yes";"AIZAWL NORTH-III";"MIZORAM";"AIZAWL";"2008";"Mizoram";"No Comment"
"C.LALTANPUIA";"IND";"0";"Literate";"47";"41400000";"0";"No";"AIZAWL NORTH-III";"MIZORAM";"AIZAWL";"2008";"Mizoram";"No Comment"
"K.SANGTHUAMA";"MNF";"0";"12th Pass";"66";"39447742";"279027";"No";"AIZAWL NORTH-III";"MIZORAM";"AIZAWL";"2008";"Mizoram";"No Comment"
"P.C.LALSANGLIANA";"LJP";"0";"Literate";"38";"0";"0";"No";"AIZAWL NORTH-III";"MIZORAM";"AIZAWL";"2008";"Mizoram";"No Comment"
"ROSIAMNGHETA";"MPC";"0";"Graduate Professional";"44";"14273387";"0";"No";"AIZAWL NORTH-III";"MIZORAM";"AIZAWL";"2008";"Mizoram";"No Comment"
"K.LIANTLINGA";"ZNP";"0";"12th Pass";"54";"19788910";"0";"Yes";"AIZAWL SOUTH-I";"MIZORAM";"AIZAWL";"2008";"Mizoram";"No Comment"
"A.LALVUNGA";"IND";"0";"Graduate";"61";"13521178";"4241108";"No";"AIZAWL SOUTH-I";"MIZORAM";"AIZAWL";"2008";"Mizoram";"No Comment"
"H.HAULIANA";"NCP";"0";"10th Pass";"58";"140000";"0";"No";"AIZAWL SOUTH-I";"MIZORAM";"AIZAWL";"2008";"Mizoram";"No Comment"
"R.VANLALVENA";"INC";"0";"Graduate";"41";"53776";"0";"No";"AIZAWL SOUTH-I";"MIZORAM";"AIZAWL";"2008";"Mizoram";"No Comment"
"VANLALZAWMA";"MNF";"0";"Post Graduate";"52";"7034998";"0";"No";"AIZAWL SOUTH-I";"MIZORAM";"AIZAWL";"2008";"Mizoram";"No Comment"
"Z.D.LALHRIATA";"LJP";"0";"Graduate";"36";"0";"0";"No";"AIZAWL SOUTH-I";"MIZORAM";"AIZAWL";"2008";"Mizoram";"No Comment"
"LT.COL. ZOSANGZUALA";"INC";"0";"12th Pass";"65";"1851149";"0";"Yes";"AIZAWL SOUTH-II";"MIZORAM";"AIZAWL";"2008";"Mizoram";"No Comment"
"DENGHMINGTHANGA";"ZNP";"0";"Graduate";"40";"10722403";"554853";"No";"AIZAWL SOUTH-II";"MIZORAM";"AIZAWL";"2008";"Mizoram";"No Comment"
"JAMES VANLALHRUAIA";"NCP";"0";"Graduate Professional";"33";"200000";"0";"No";"AIZAWL SOUTH-II";"MIZORAM";"AIZAWL";"2008";"Mizoram";"No Comment"
"R.KHAWPUITHANGA";"MNF";"0";"12th Pass";"65";"4297885";"300000";"No";"AIZAWL SOUTH-II";"MIZORAM";"AIZAWL";"2008";"Mizoram";"No Comment"
"VANHNUAITHANGA";"LJP";"0";"5th Pass";"57";"1000";"0";"No";"AIZAWL SOUTH-II";"MIZORAM";"AIZAWL";"2008";"Mizoram";"No Comment"
"K.S.THANGA";"INC";"0";"12th Pass";"47";"2810000";"0";"Yes";"AIZAWL SOUTH-III";"MIZORAM";"AIZAWL";"2008";"Mizoram";"No Comment"
"DR. F.LALNUNMAWIA";"IND";"0";"Doctorate";"35";"1614719";"0";"No";"AIZAWL SOUTH-III";"MIZORAM";"AIZAWL";"2008";"Mizoram";"No Comment"
"R.C.LALDINGLUAIA";"LJP";"0";"8th Pass";"37";"1000";"0";"No";"AIZAWL SOUTH-III";"MIZORAM";"AIZAWL";"2008";"Mizoram";"No Comment"
"TAWNLUIA";"MNF";"0";"12th Pass";"65";"4854800";"0";"No";"AIZAWL SOUTH-III";"MIZORAM";"AIZAWL";"2008";"Mizoram";"No Comment"
"LALDUHAWMA";"ZNP";"0";"Graduate";"59";"6700000";"0";"Yes";"AIZAWL WEST-I";"MIZORAM";"AIZAWL";"2008";"Mizoram";"No Comment"
"ANDREW LALHERLIANA";"INC";"0";"Post Graduate";"57";"9587733";"1206089";"No";"AIZAWL WEST-I";"MIZORAM";"AIZAWL";"2008";"Mizoram";"No Comment"
"LALSANGZUALA";"LJP";"0";"10th Pass";"38";"5000";"0";"No";"AIZAWL WEST-I";"MIZORAM";"AIZAWL";"2008";"Mizoram";"No Comment"
"R.TLANGHMINGTHANGA";"MNF";"0";"12th Pass";"65";"1724024";"599574";"No";"AIZAWL WEST-I";"MIZORAM";"AIZAWL";"2008";"Mizoram";"No Comment"
"BRIG. T. SAILO";"MPC";"0";"12th Pass";"85";"3000000";"0";"Yes";"AIZAWL WEST-II";"MIZORAM";"AIZAWL";"2008";"Mizoram";"No Comment"
"LALRUATKIMA";"MNF";"0";"Graduate";"36";"7841553";"1096400";"No";"AIZAWL WEST-II";"MIZORAM";"AIZAWL";"2008";"Mizoram";"No Comment"
"VANLALFAKAWMA";"LJP";"0";"5th Pass";"45";"5000";"0";"No";"AIZAWL WEST-II";"MIZORAM";"AIZAWL";"2008";"Mizoram";"No Comment"
"ZOTHANKIMI";"INC";"0";"Graduate";"47";"8700000";"605705";"No";"AIZAWL WEST-II";"MIZORAM";"AIZAWL";"2008";"Mizoram";"No Comment"
"R.SELTHUAMA";"INC";"0";"Graduate";"62";"3055624";"0";"Yes";"AIZAWL WEST-III";"MIZORAM";"AIZAWL";"2008";"Mizoram";"No Comment"
"C.LALNUNMAWIA";"LJP";"0";"8th Pass";"31";"6000";"0";"No";"AIZAWL WEST-III";"MIZORAM";"AIZAWL";"2008";"Mizoram";"No Comment"
"COL. LALCHUNGNUNGA SAILO";"MPC";"0";"Graduate";"66";"17040000";"0";"No";"AIZAWL WEST-III";"MIZORAM";"AIZAWL";"2008";"Mizoram";"No Comment"
"K.VANLALAUVA";"MNF";"0";"8th Pass";"62";"949527";"599574";"No";"AIZAWL WEST-III";"MIZORAM";"AIZAWL";"2008";"Mizoram";"No Comment"
"CHAWNGTINTHANGA";"INC";"0";"Graduate Professional";"64";"2900000";"0";"Yes";"CHALFILH";"MIZORAM";"AIZAWL";"2008";"Mizoram";"No Comment"
"C.RAMKINLOVA";"BJP";"0";"10th Pass";"49";"0";"0";"No";"CHALFILH";"MIZORAM";"AIZAWL";"2008";"Mizoram";"No Comment"
"J.C.CHHUANLIANA";"MNF";"0";"Graduate Professional";"54";"3817000";"0";"No";"CHALFILH";"MIZORAM";"AIZAWL";"2008";"Mizoram";"No Comment"
"J.NEIHKHUMA";"IND";"0";"Graduate";"65";"0";"0";"No";"CHALFILH";"MIZORAM";"AIZAWL";"2008";"Mizoram";"No Comment"
"K.ZOTHANSANGA";"LJP";"0";"10th Pass";"41";"60000";"0";"No";"CHALFILH";"MIZORAM";"AIZAWL";"2008";"Mizoram";"No Comment"
"LALVENHIMA HMAR";"MPC";"0";"12th Pass";"42";"1608715";"0";"No";"CHALFILH";"MIZORAM";"AIZAWL";"2008";"Mizoram";"No Comment"
"VANLALHMINGCHHUANGI";"LB";"0";"10th Pass";"29";"150000";"0";"No";"CHALFILH";"MIZORAM";"AIZAWL";"2008";"Mizoram";"No Comment"
"R.LALZIRLIANA";"INC";" 1";"10th Pass";"56";"17685000";"919711";"Yes";"TAWI";"MIZORAM";"AIZAWL";"2008";"Mizoram";"No Comment"
"BIAKNGHETA";"LJP";"0";"8th Pass";"43";"120";"0";"No";"TAWI";"MIZORAM";"AIZAWL";"2008";"Mizoram";"No Comment"
"DR. KENNETH CHAWNGLIANA";"MPC";"0";"Doctorate";"62";"12755200";"0";"No";"TAWI";"MIZORAM";"AIZAWL";"2008";"Mizoram";"No Comment"
"LALCHHANDAMA RALTE";"MNF";"0";"Post Graduate";"37";"5634038";"388702";"No";"TAWI";"MIZORAM";"AIZAWL";"2008";"Mizoram";"No Comment"
"R.L.PIANMAWIA";"INC";"0";"12th Pass";"52";"885813";"290473";"Yes";"TUIVAWL";"MIZORAM";"AIZAWL";"2008";"Mizoram";"No Comment"
"GOGO LALREMTLUANGA";"MNF";"0";"Post Graduate";"31";"3517881";"6053855";"No";"TUIVAWL";"MIZORAM";"AIZAWL";"2008";"Mizoram";"No Comment"
"LALDUHAWMA";"ZNP";"0";"Graduate";"59";"6700000";"0";"No";"TUIVAWL";"MIZORAM";"AIZAWL";"2008";"Mizoram";"No Comment"
"LALHUALTHANGA";"BJP";"0";"8th Pass";"48";"50000";"0";"No";"TUIVAWL";"MIZORAM";"AIZAWL";"2008";"Mizoram";"No Comment"
"LALRINAWMA";"LJP";"0";"Literate";"55";"2000";"0";"No";"TUIVAWL";"MIZORAM";"AIZAWL";"2008";"Mizoram";"No Comment"
"LALROSEMA";"LB";"0";"10th Pass";"38";"10000";"0";"No";"TUIVAWL";"MIZORAM";"AIZAWL";"2008";"Mizoram";"No Comment"
"T.T.ZOTHANSANGA";"INC";"0";"Post Graduate";"41";"3447382";"0";"Yes";"CHAMPHAI NORTH";"MIZORAM";"CHAMPHAI";"2008";"Mizoram";"No Comment"
"LALTHUAMA SAILO";"LJP";"0";"10th Pass";"36";"40000";"0";"No";"CHAMPHAI NORTH";"MIZORAM";"CHAMPHAI";"2008";"Mizoram";"No Comment"
"NANGSIANMUNG";"IND";"0";"Post Graduate";"35";"58385";"0";"No";"CHAMPHAI NORTH";"MIZORAM";"CHAMPHAI";"2008";"Mizoram";"No Comment"
"P.C.ZAIREMTHANGA";"IND";"0";"Graduate Professional";"55";"102151";"0";"No";"CHAMPHAI NORTH";"MIZORAM";"CHAMPHAI";"2008";"Mizoram";"No Comment"
"ZORAMTHANGA";"MNF";"0";"Graduate";"62";"13775144";"550943";"No";"CHAMPHAI NORTH";"MIZORAM";"CHAMPHAI";"2008";"Mizoram";"No Comment"
"ZOSIAMA PACHUAU";"MPC";"0";"Post Graduate";"64";"1300000";"136393";"No";"CHAMPHAI NORTH";"MIZORAM";"CHAMPHAI";"2008";"Mizoram";"No Comment"
"JH.ROTHUAMA";"INC";"0";"Graduate";"67";"3604526";"385";"Yes";"CHAMPHAI SOUTH";"MIZORAM";"CHAMPHAI";"2008";"Mizoram";"No Comment"
"LALCHHANHIMA";"IND";"0";"Graduate";"36";"263656";"0";"No";"CHAMPHAI SOUTH";"MIZORAM";"CHAMPHAI";"2008";"Mizoram";"No Comment"
"LALHMINGTHANGI HMAR";"ZNP";"0";"Graduate";"29";"502573";"0";"No";"CHAMPHAI SOUTH";"MIZORAM";"CHAMPHAI";"2008";"Mizoram";"No Comment"
"TAWNLIANA";"LJP";"0";"Graduate";"47";"0";"0";"No";"CHAMPHAI SOUTH";"MIZORAM";"CHAMPHAI";"2008";"Mizoram";"No Comment"
"ZORAMTHANGA";"MNF";"0";"Graduate";"62";"13802233";"550943";"No";"CHAMPHAI SOUTH";"MIZORAM";"CHAMPHAI";"2008";"Mizoram";"No Comment"
"B.LALTHLENGLIANA";"MNF";"0";"Post Graduate";"59";"14156859";"247439";"Yes";"EAST TUIPUI";"MIZORAM";"CHAMPHAI";"2008";"Mizoram";"No Comment"
"DR.R.ROTLUANGA";"ZNP";"0";"Graduate";"56";"3464774";"0";"No";"EAST TUIPUI";"MIZORAM";"CHAMPHAI";"2008";"Mizoram";"No Comment"
"H.THANGCHUANGA";"INC";"0";"10th Pass";"52";"5504955";"1316248";"No";"EAST TUIPUI";"MIZORAM";"CHAMPHAI";"2008";"Mizoram";"No Comment"
"LALDINKIMI";"IND";"0";"10th Pass";"32";"200000";"0";"No";"EAST TUIPUI";"MIZORAM";"CHAMPHAI";"2008";"Mizoram";"No Comment"
"LALHUNLIANA";"LJP";"0";"Graduate";"40";"80000";"0";"No";"EAST TUIPUI";"MIZORAM";"CHAMPHAI";"2008";"Mizoram";"No Comment"
"H.ROHLUNA";"INC";"0";"Post Graduate";"48";"2640184";"631426";"Yes";"LENGTENG";"MIZORAM";"CHAMPHAI";"2008";"Mizoram";"No Comment"
"BIAKSIAMA";"LJP";"0";"Literate";"47";"1000";"0";"No";"LENGTENG";"MIZORAM";"CHAMPHAI";"2008";"Mizoram";"No Comment"
"L.THANGMAWIA";"MNF";"0";"Post Graduate";"34";"1253000";"900000";"No";"LENGTENG";"MIZORAM";"CHAMPHAI";"2008";"Mizoram";"No Comment"
"T.C.KAPHMINGTHANGA";"IND";"0";"Graduate";"33";"3330000";"0";"No";"LENGTENG";"MIZORAM";"CHAMPHAI";"2008";"Mizoram";"No Comment"
"LALRINLIANA SAILO";"INC";"0";"Graduate";"50";"1056000";"1180745";"Yes";"TUICHANG";"MIZORAM";"CHAMPHAI";"2008";"Mizoram";"No Comment"
"C.LAWMTHANGA";"LJP";"0";"10th Pass";"45";"50000";"0";"No";"TUICHANG";"MIZORAM";"CHAMPHAI";"2008";"Mizoram";"No Comment"
"R.LALAWIA";"MNF";"0";"10th Pass";"56";"474733720";"279027";"No";"TUICHANG";"MIZORAM";"CHAMPHAI";"2008";"Mizoram";"No Comment"
"RUALKHUMA HMAR";"ZNP";"0";"Post Graduate";"55";"6048000";"0";"No";"TUICHANG";"MIZORAM";"CHAMPHAI";"2008";"Mizoram";"No Comment"
"P.C. ZORAMSANGLIANA";"INC";"0";"12th Pass";"50";"8680300";"170992";"Yes";"KOLASIB";"MIZORAM";"KOLASIB";"2008";"Mizoram";"No Comment"
"K. LALRINLIANA";"MNF";"0";"10th Pass";"48";"11265202";"314036";"No";"KOLASIB";"MIZORAM";"KOLASIB";"2008";"Mizoram";"No Comment"
"LALFAMKIMA";"IND";"0";"Graduate";"42";"9063221";"510221";"No";"KOLASIB";"MIZORAM";"KOLASIB";"2008";"Mizoram";"No Comment"
"R. LALRINAWMI";"LJP";"0";"8th Pass";"46";"30586";"0";"No";"KOLASIB";"MIZORAM";"KOLASIB";"2008";"Mizoram";"No Comment"
"RAMFANGZAUVI";"BJP";"0";"8th Pass";"50";"100000";"0";"No";"KOLASIB";"MIZORAM";"KOLASIB";"2008";"Mizoram";"No Comment"
"K. LALRINTHANGA";"INC";"0";"Graduate";"54";"8730000";"468965";"Yes";"SERLUI";"MIZORAM";"KOLASIB";"2008";"Mizoram";"No Comment"
"D. THANGLIANA";"MNF";"0";"Illiterate";"53";"513450";"582620";"No";"SERLUI";"MIZORAM";"KOLASIB";"2008";"Mizoram";"No Comment"
"DAVID LALROSANGA";"LJP";"0";"Graduate";"30";"171300";"0";"No";"SERLUI";"MIZORAM";"KOLASIB";"2008";"Mizoram";"No Comment"
"H.L. HLUNA";"ZNP";"0";"12th Pass";"42";"12180000";"0";"No";"SERLUI";"MIZORAM";"KOLASIB";"2008";"Mizoram";"No Comment"
"VANLALHMUAKA";"IND";"0";"Graduate";"37";"500000";"0";"No";"SERLUI";"MIZORAM";"KOLASIB";"2008";"Mizoram";"No Comment"
"HMINGDAILOVA KHIANGTE";"INC";"0";"Graduate";"64";"15325000";"0";"Yes";"TUIRIAL";"MIZORAM";"KOLASIB";"2008";"Mizoram";"No Comment"
"LALHLUNA";"IND";"0";"8th Pass";"49";"30200";"0";"No";"TUIRIAL";"MIZORAM";"KOLASIB";"2008";"Mizoram";"No Comment"
"LALLIANKIMA";"MNF";"0";"Post Graduate";"49";"1586327";"0";"No";"TUIRIAL";"MIZORAM";"KOLASIB";"2008";"Mizoram";"No Comment"
"MOSES MALSAWMTLUANGA";"IND";"0";"Graduate";"31";"6000";"0";"No";"TUIRIAL";"MIZORAM";"KOLASIB";"2008";"Mizoram";"No Comment"
"SAILOTHANGA SAILO";"MPC";"0";"Graduate";"63";"17107178";"288702";"No";"TUIRIAL";"MIZORAM";"KOLASIB";"2008";"Mizoram";"No Comment"
"ZORAMSANGZELA";"LJP";"0";"5th Pass";"50";"5000";"0";"No";"TUIRIAL";"MIZORAM";"KOLASIB";"2008";"Mizoram";"No Comment"
"H. ZOTHANGLIANA";"INC";"0";"Post Graduate";"39";"800000";"2060376";"Yes";"LAWNGTLAI EAST";"MIZORAM";"LAWNGTLAI";"2008";"Mizoram";"No Comment"
"C. LALBIAKTHANGA";"IND";"0";"5th Pass";"45";"0";"0";"No";"LAWNGTLAI EAST";"MIZORAM";"LAWNGTLAI";"2008";"Mizoram";"No Comment"
"H. RAMMAWI";"MNF";"0";"Post Graduate";"54";"7546000";"640274";"No";"LAWNGTLAI EAST";"MIZORAM";"LAWNGTLAI";"2008";"Mizoram";"No Comment"
"MANGHMUNGA CHINZAH";"IND";"0";"Not Given";"55";"36800000";"802000";"No";"LAWNGTLAI EAST";"MIZORAM";"LAWNGTLAI";"2008";"Mizoram";"No Comment"
"ZALIANA";"LJP";"0";"Literate";"65";"50000";"0";"No";"LAWNGTLAI EAST";"MIZORAM";"LAWNGTLAI";"2008";"Mizoram";"No Comment"
"C. RAMHLUNA";"MNF";"0";"Post Graduate";"57";"1533157";"0";"Yes";"LAWNGTLAI WEST";"MIZORAM";"LAWNGTLAI";"2008";"Mizoram";"No Comment"
"F. HRANGKHUMA";"BJP";"0";"10th Pass";"61";"16500000";"0";"No";"LAWNGTLAI WEST";"MIZORAM";"LAWNGTLAI";"2008";"Mizoram";"No Comment"
"H. VANLALTHALIANA";"IND";"0";"Graduate";"42";"103829";"582620";"No";"LAWNGTLAI WEST";"MIZORAM";"LAWNGTLAI";"2008";"Mizoram";"No Comment"
"J.B. RUALCHHINGA";"IND";"0";"Graduate";"52";"35250000";"1400000";"No";"LAWNGTLAI WEST";"MIZORAM";"LAWNGTLAI";"2008";"Mizoram";"No Comment"
"L.H. CHHUANAWMA";"INC";"0";"Post Graduate";"38";"700000";"512300";"No";"LAWNGTLAI WEST";"MIZORAM";"LAWNGTLAI";"2008";"Mizoram";"No Comment"
"LALREMRUATA";"LJP";"0";"Graduate";"25";"7750";"0";"No";"LAWNGTLAI WEST";"MIZORAM";"LAWNGTLAI";"2008";"Mizoram";"No Comment"
"RASIK MOHAN CHAKMA";"MNF";" 2";"Graduate";"38";"7848510";"0";"No";"TUICHAWNG";"MIZORAM";"LAWNGTLAI";"2008";"Mizoram";"No Comment"
"JOSEPH LALHIMPUIA";"INC";"0";"Post Graduate";"35";"10520393";"2514315";"Yes";"LUNGLEI EAST";"MIZORAM";"LUNGLEI";"2008";"Mizoram";"No Comment"
"H. LALTHANSANGA";"IND";"0";"10th Pass";"42";"500000";"0";"No";"LUNGLEI EAST";"MIZORAM";"LUNGLEI";"2008";"Mizoram";"No Comment"
"SAMSON ZORAMTHANGA";"MNF";"0";"12th Pass";"54";"20605000";"0";"No";"LUNGLEI EAST";"MIZORAM";"LUNGLEI";"2008";"Mizoram";"No Comment"
"VANNEIA HNAMTE";"ZNP";"0";"8th Pass";"53";"1300000";"0";"No";"LUNGLEI EAST";"MIZORAM";"LUNGLEI";"2008";"Mizoram";"No Comment"
"PC LALTHANLIANA";"INC";"0";"Graduate";"42";"2339562";"321498";"Yes";"LUNGLEI NORTH";"MIZORAM";"LUNGLEI";"2008";"Mizoram";"No Comment"
"B. ZATAWNA";"LJP";"0";"10th Pass";"64";"45500";"0";"No";"LUNGLEI NORTH";"MIZORAM";"LUNGLEI";"2008";"Mizoram";"No Comment"
"C. LALRINSANGA";"MNF";"0";"Graduate";"46";"511312";"563102";"No";"LUNGLEI NORTH";"MIZORAM";"LUNGLEI";"2008";"Mizoram";"No Comment"
"LALRINZUALA";"MPC";"0";"12th Pass";"55";"5450000";"307000";"No";"LUNGLEI NORTH";"MIZORAM";"LUNGLEI";"2008";"Mizoram";"No Comment"
"S. LALDINGLIANA";"INC";"0";"Post Graduate";"54";"2305123";"0";"Yes";"LUNGLEI SOUTH";"MIZORAM";"LUNGLEI";"2008";"Mizoram";"No Comment"
"LALTHUAMMAWII";"LJP";"0";"Not Given";"25";"30000";"0";"No";"LUNGLEI SOUTH";"MIZORAM";"LUNGLEI";"2008";"Mizoram";"No Comment"
"SAITLAWMA";"ZNP";"0";"Not Given";"65";"3700000";"0";"No";"LUNGLEI SOUTH";"MIZORAM";"LUNGLEI";"2008";"Mizoram";"No Comment"
"VANLALHRUAIA HAUHULH";"IND";"0";"Graduate";"26";"150000";"0";"No";"LUNGLEI SOUTH";"MIZORAM";"LUNGLEI";"2008";"Mizoram";"No Comment"
"Z.H ROPUIA";"MNF";"0";"Graduate";"45";"1100000";"708209";"No";"LUNGLEI SOUTH";"MIZORAM";"LUNGLEI";"2008";"Mizoram";"No Comment"
"DR. R. LALTHANGLIANA";"MNF";"0";"Doctorate";"51";"17255055";"275097";"Yes";"LUNGLEI WEST";"MIZORAM";"LUNGLEI";"2008";"Mizoram";"No Comment"
"C.ZOKHUMA";"MPC";"0";"Graduate Professional";"45";"6970000";"624528";"No";"LUNGLEI WEST";"MIZORAM";"LUNGLEI";"2008";"Mizoram";"No Comment"
"J. LAWMZUALA";"INC";"0";"Graduate";"64";"38915279";"262498";"No";"LUNGLEI WEST";"MIZORAM";"LUNGLEI";"2008";"Mizoram";"No Comment"
"LALTHANHAWLA";"INC";" 1";"Graduate";"68";"22251985";"279072";"Yes";"SOUTH TUIPUI";"MIZORAM";"LUNGLEI";"2008";"Mizoram";"No Comment"
"F. LALTHANZUALA";"MNF";"0";"Post Graduate";"60";"893536";"275097";"No";"SOUTH TUIPUI";"MIZORAM";"LUNGLEI";"2008";"Mizoram";"No Comment"
"J. LALCHHUANA";"ZNP";"0";"10th Pass";"54";"5000000";"0";"No";"SOUTH TUIPUI";"MIZORAM";"LUNGLEI";"2008";"Mizoram";"No Comment"
"L. REMLALA FANAI";"IND";"0";"Graduate";"42";"300000";"0";"No";"SOUTH TUIPUI";"MIZORAM";"LUNGLEI";"2008";"Mizoram";"No Comment"
"LALRAMLIANA RALTE";"LJP";"0";"8th Pass";"56";"10000";"0";"No";"SOUTH TUIPUI";"MIZORAM";"LUNGLEI";"2008";"Mizoram";"No Comment"
"JOHN SIAMKUNGA";"INC";"0";"Post Graduate";"47";"1410063";"0";"Yes";"SOUTH TUIPUI";"MIZORAM";"LUNGLEI";"2008";"Mizoram";"Bye-Election 16-04-2009"
"K LALSANGA";"IND";"0";"Not Given";"59";"9862000";"0";"No";"SOUTH TUIPUI";"MIZORAM";"LUNGLEI";"2008";"Mizoram";"Bye-Election 16-04-2009"
"ZODINTLUANGA";"INC";"0";"12th Pass";"46";"22847493";"1002394";"Yes";"THORANG";"MIZORAM";"LUNGLEI";"2008";"Mizoram";"No Comment"
"B.N LALIT CHAKMA";"LJP";"0";"10th Pass";"40";"10000";"0";"No";"THORANG";"MIZORAM";"LUNGLEI";"2008";"Mizoram";"No Comment"
"LALNUNTLUANGA SAILO";"MNF";"0";"10th Pass";"42";"5700000";"2400000";"No";"THORANG";"MIZORAM";"LUNGLEI";"2008";"Mizoram";"No Comment"
"PARITOSH CHAKMA";"IND";"0";"Graduate";"26";"231495";"0";"No";"THORANG";"MIZORAM";"LUNGLEI";"2008";"Mizoram";"No Comment"
"ZOTHANPUIA SAILO";"IND";"0";"10th Pass";"33";"527860";"0";"No";"THORANG";"MIZORAM";"LUNGLEI";"2008";"Mizoram";"No Comment"
"NIHAR KANTI CHAKMA";"INC";"0";"Graduate";"37";"5341007";"828867";"Yes";"WEST TUIPUI";"MIZORAM";"LUNGLEI";"2008";"Mizoram";"No Comment"
"ALAK BIKASH CHAKMA";"MNF";"0";"Graduate";"41";"721041";"714679";"No";"WEST TUIPUI";"MIZORAM";"LUNGLEI";"2008";"Mizoram";"No Comment"
"RUPEN CHAKMA";"LJP";"0";"10th Pass";"37";"10000";"0";"No";"WEST TUIPUI";"MIZORAM";"LUNGLEI";"2008";"Mizoram";"No Comment"
"SURATH KUMAR CHAKMA";"BJP";"0";"Graduate";"60";"3804040";"0";"No";"WEST TUIPUI";"MIZORAM";"LUNGLEI";"2008";"Mizoram";"No Comment"
"LALROBIAKA";"INC";"0";"Graduate";"43";"581899";"146021";"Yes";"DAMPA";"MIZORAM";"MAMIT";"2008";"Mizoram";"No Comment"
"LALAWMPUIA CHHANGTE";"NCP";"0";"10th Pass";"41";"0";"0";"No";"DAMPA";"MIZORAM";"MAMIT";"2008";"Mizoram";"No Comment"
"LALHMINGTHANGA SAILO";"ZNP";"0";"Post Graduate";"34";"500000";"0";"No";"DAMPA";"MIZORAM";"MAMIT";"2008";"Mizoram";"No Comment"
"LALRINTLUANGA SAILO";"MNF";"0";"8th Pass";"47";"15700000";"0";"No";"DAMPA";"MIZORAM";"MAMIT";"2008";"Mizoram";"No Comment"
"ZAKHUMA";"LJP";"0";"Literate";"77";"30000";"0";"No";"DAMPA";"MIZORAM";"MAMIT";"2008";"Mizoram";"No Comment"
"LALRINMAWIA RALTE";"INC";"0";"Graduate";"45";"1667390";"0";"Yes";"HACHHEK";"MIZORAM";"MAMIT";"2008";"Mizoram";"No Comment"
"H.LALENVELA";"MNF";"0";"10th Pass";"49";"340000";"0";"No";"HACHHEK";"MIZORAM";"MAMIT";"2008";"Mizoram";"No Comment"
"JOHN LALNGILNEIA";"MPC";"0";"Post Graduate";"60";"5700000";"0";"No";"HACHHEK";"MIZORAM";"MAMIT";"2008";"Mizoram";"No Comment"
"LALDINLIANA";"JD(U)";"0";"Post Graduate";"26";"0";"0";"No";"HACHHEK";"MIZORAM";"MAMIT";"2008";"Mizoram";"No Comment"
"P.C LALTHANPUIA";"LJP";"0";"10th Pass";"29";"20000";"0";"No";"HACHHEK";"MIZORAM";"MAMIT";"2008";"Mizoram";"No Comment"
"JOHN ROTLUANGLIANA";"INC";" 1";"Graduate";"48";"10345000";"998093";"Yes";"MAMIT";"MIZORAM";"MAMIT";"2008";"Mizoram";"No Comment"
"LALHLUNA";"BJP";"0";"5th Pass";"62";"570000";"0";"No";"MAMIT";"MIZORAM";"MAMIT";"2008";"Mizoram";"No Comment"
"LALLAWMSANGA APETO";"IND";"0";"Graduate";"32";"240000";"0";"No";"MAMIT";"MIZORAM";"MAMIT";"2008";"Mizoram";"No Comment"
"LALROMAWIA";"IND";"0";"10th Pass";"51";"953529";"0";"No";"MAMIT";"MIZORAM";"MAMIT";"2008";"Mizoram";"No Comment"
"LALTANPUIA";"ZNP";"0";"Graduate Professional";"32";"1797347";"0";"No";"MAMIT";"MIZORAM";"MAMIT";"2008";"Mizoram";"No Comment"
"LALTHLENGLIANA";"MNF";"0";"8th Pass";"58";"2000040";"0";"No";"MAMIT";"MIZORAM";"MAMIT";"2008";"Mizoram";"No Comment"
"M.ZARZOLIANA";"LJP";"0";"10th Pass";"28";"125036";"0";"No";"MAMIT";"MIZORAM";"MAMIT";"2008";"Mizoram";"No Comment"
"MATHEW LALNUNPUIA";"NCP";"0";"12th Pass";"27";"200000";"0";"No";"MAMIT";"MIZORAM";"MAMIT";"2008";"Mizoram";"No Comment"
"R.LALHMUNMAWIA";"IND";"0";"12th Pass";"40";"6944";"0";"No";"MAMIT";"MIZORAM";"MAMIT";"2008";"Mizoram";"No Comment"
"SURESBIHARI";"LB";"0";"8th Pass";"43";"91000";"0";"No";"MAMIT";"MIZORAM";"MAMIT";"2008";"Mizoram";"No Comment"
"T.LALSANGA";"JD(U)";"0";"12th Pass";"49";"0";"0";"No";"MAMIT";"MIZORAM";"MAMIT";"2008";"Mizoram";"No Comment"
"P.P. THAWLA";"MDF";"0";"Not Given";"52";"6575469";"0";"Yes";"PALAK";"MIZORAM";"SAIHA";"2008";"Mizoram";"No Comment"
"K.T. ROKHA";"IND";"0";"12th Pass";"48";"2000000";"0";"No";"PALAK";"MIZORAM";"SAIHA";"2008";"Mizoram";"No Comment"
"LAICHO NOTLIA";"IND";"0";"10th Pass";"57";"625810";"0";"No";"PALAK";"MIZORAM";"SAIHA";"2008";"Mizoram";"No Comment"
"LALTHLAHLOVA";"LJP";"0";"8th Pass";"32";"10000";"0";"No";"PALAK";"MIZORAM";"SAIHA";"2008";"Mizoram";"No Comment"
"N. BEIKHAI";"MPC";"0";"Graduate";"50";"2050000";"0";"No";"PALAK";"MIZORAM";"SAIHA";"2008";"Mizoram";"No Comment"
"T.T. VAKHU";"INC";"0";"Post Graduate";"49";"6951722";"0";"No";"PALAK";"MIZORAM";"SAIHA";"2008";"Mizoram";"No Comment"
"S. HIATO";"INC";"0";"Graduate";"65";"20132960";"765420";"Yes";"SAIHA";"MIZORAM";"SAIHA";"2008";"Mizoram";"No Comment"
"DR. K. BEICHHUA";"IND";"0";"Graduate Professional";"46";"10424500";"1300000";"No";"SAIHA";"MIZORAM";"SAIHA";"2008";"Mizoram";"No Comment"
"F. LALHMACHHUANA";"ZNP";"0";"Graduate";"48";"1600000";"0";"No";"SAIHA";"MIZORAM";"SAIHA";"2008";"Mizoram";"No Comment"
"H.C. LALMALSAWMA ZASAI";"MNF";"0";"Post Graduate";"36";"5875000";"1115888";"No";"SAIHA";"MIZORAM";"SAIHA";"2008";"Mizoram";"No Comment"
"M.C. LALBUAIA";"LJP";"0";"5th Pass";"60";"900000";"0";"No";"SAIHA";"MIZORAM";"SAIHA";"2008";"Mizoram";"No Comment"
"LALTHANSANGA";"MPC";"0";"12th Pass";"45";"11329325";"0";"Yes";"HRANGTURZO";"MIZORAM";"SERCHHIP";"2008";"Mizoram";"No Comment"
"K. ZOLIANA";"LJP";"0";"10th Pass";"52";"50000";"0";"No";"HRANGTURZO";"MIZORAM";"SERCHHIP";"2008";"Mizoram";"No Comment"
"LALHLIMPUII";"MNF";"0";"Not Given";"57";"949929";"600000";"No";"HRANGTURZO";"MIZORAM";"SERCHHIP";"2008";"Mizoram";"No Comment"
"RONALD SAPA TLAU";"INC";"0";"Post Graduate";"51";"12000335";"161600";"No";"HRANGTURZO";"MIZORAM";"SERCHHIP";"2008";"Mizoram";"No Comment"
"LALTHANHAWLA";"INC";" 1";"Graduate";"68";"22251985";"279072";"Yes";"SERCHHIP";"MIZORAM";"SERCHHIP";"2008";"Mizoram";"No Comment"
"C. LALRAMZAUVA";"ZNP";"0";"Post Graduate";"48";"8420000";"0";"No";"SERCHHIP";"MIZORAM";"SERCHHIP";"2008";"Mizoram";"No Comment"
"LALKULHLIANA";"LJP";"0";"Graduate";"42";"30000";"0";"No";"SERCHHIP";"MIZORAM";"SERCHHIP";"2008";"Mizoram";"No Comment"
"R. LALHNUNA";"MNF";"0";"10th Pass";"49";"934500";"3500000";"No";"SERCHHIP";"MIZORAM";"SERCHHIP";"2008";"Mizoram";"No Comment"
"K. LIANZUALA";"INC";"0";"Post Graduate";"50";"12400000";"1140349";"Yes";"TUIKUM";"MIZORAM";"SERCHHIP";"2008";"Mizoram";"No Comment"
"C. CHAWIMAWIA";"IND";"0";"12th Pass";"58";"2900000";"230000";"No";"TUIKUM";"MIZORAM";"SERCHHIP";"2008";"Mizoram";"No Comment"
"H. LALTHANGMAWIA";"LJP";"0";"Graduate";"32";"2300662";"0";"No";"TUIKUM";"MIZORAM";"SERCHHIP";"2008";"Mizoram";"No Comment"
"T. LALHMINGTHANGA";"IND";"0";"Graduate";"39";"1450000";"0";"No";"TUIKUM";"MIZORAM";"SERCHHIP";"2008";"Mizoram";"No Comment"
"T.C. PACHHUNGA";"MNF";"0";"Graduate";"51";"4900000";"0";"No";"TUIKUM";"MIZORAM";"SERCHHIP";"2008";"Mizoram";"No Comment"
"VANLALHLANA";"MPC";"0";"Post Graduate";"48";"8520000";"547700";"No";"TUIKUM";"MIZORAM";"SERCHHIP";"2008";"Mizoram";"No Comment"
